"Index","KernelName","gpu-id","queue-id","queue-index","pid","tid","grd","wgr","lds","scr","arch_vgpr","accum_vgpr","sgpr","wave_size","sig","obj","FetchSize","WriteSize","TCC_HIT[0]","TCC_MISS[0]","DispatchNs","BeginNs","EndNs","CompleteNs","DurationNs"
1,"void laplacian_kernel<double>(double*, double const*, int, int, int, double, double, double, double) [clone .kd]",2,0,1,4124249,4124249,134217728,256,0,0,20,20,32,64,"0x0","0x7fcdda2618c0",1738130.375,1039003.3125,1743733,1394135,1616924508306903,1616924530487618,1616924533433219,1616924533565756,2945601
4,"void laplacian_kernel<double>(double*, double const*, int, int, int, double, double, double, double) [clone .kd]",2,0,6,4124249,4124249,134217728,256,0,0,20,20,32,64,"0x0","0x7fcdda2618c0",1721203.125,1040400,1736086,1401668,1616924536426326,1616924536783621,1616924539730502,1616924539733971,2946881
5,"void laplacian_kernel<double>(double*, double const*, int, int, int, double, double, double, double) [clone .kd]",2,0,9,4124249,4124249,134217728,256,0,0,20,20,32,64,"0x0","0x7fcdda2618c0",1709643.25,1039026.125,1747353,1390421,1616924540104622,1616924540514823,1616924543450185,1616924543453422,2935362
6,"void laplacian_kernel<double>(double*, double const*, int, int, int, double, double, double, double) [clone .kd]",2,0,12,4124249,4124249,134217728,256,0,0,20,20,32,64,"0x0","0x7fcdda2618c0",1703398.125,1039021.75,1759411,1378379,1616924543802012,1616924544204745,1616924547141227,1616924547144972,2936482
7,"void laplacian_kernel<double>(double*, double const*, int, int, int, double, double, double, double) [clone .kd]",2,0,15,4124249,4124249,134217728,256,0,0,20,20,32,64,"0x0","0x7fcdda2618c0",1705424.0625,1039032.3125,1761149,1376642,1616924547481790,1616924547878668,1616924550814510,1616924550816995,2935842
8,"void laplacian_kernel<double>(double*, double const*, int, int, int, double, double, double, double) [clone .kd]",2,0,18,4124249,4124249,134217728,256,0,0,20,20,32,64,"0x0","0x7fcdda2618c0",1707140.0625,1039038.25,1763346,1374480,1616924551110743,1616924551498670,1616924554441392,1616924554522671,2942722
9,"void laplacian_kernel<double>(double*, double const*, int, int, int, double, double, double, double) [clone .kd]",2,0,21,4124249,4124249,134217728,256,0,0,20,20,32,64,"0x0","0x7fcdda2618c0",1699948.125,1038997.625,1759836,1377965,1616924554544081,1616924555138912,1616924558084514,1616924558164688,2945602
10,"void laplacian_kernel<double>(double*, double const*, int, int, int, double, double, double, double) [clone .kd]",2,0,24,4124249,4124249,134217728,256,0,0,20,20,32,64,"0x0","0x7fcdda2618c0",1702685.9375,1039034.5625,1758024,1379723,1616924558185196,1616924558786075,1616924561723997,1616924561800895,2937922
11,"void laplacian_kernel<double>(double*, double const*, int, int, int, double, double, double, double) [clone .kd]",2,0,27,4124249,4124249,134217728,256,0,0,20,20,32,64,"0x0","0x7fcdda2618c0",1697014.6875,1039038.25,1766028,1371802,1616924561823176,1616924562413557,1616924565354839,1616924565432082,2941282
12,"void laplacian_kernel<double>(double*, double const*, int, int, int, double, double, double, double) [clone .kd]",2,0,30,4124249,4124249,134217728,256,0,0,20,20,32,64,"0x0","0x7fcdda2618c0",1705850.5625,1039033.9375,1767710,1370072,1616924565455305,1616924566061280,1616924569007361,1616924569009529,2946081
13,"void laplacian_kernel<double>(double*, double const*, int, int, int, double, double, double, double) [clone .kd]",2,0,33,4124249,4124249,134217728,256,0,0,20,20,32,64,"0x0","0x7fcdda2618c0",1704832.0625,1039024.875,1761212,1376560,1616924569297506,1616924569701442,1616924572647844,1616924572650133,2946402
14,"void laplacian_kernel<double>(double*, double const*, int, int, int, double, double, double, double) [clone .kd]",2,0,36,4124249,4124249,134217728,256,0,0,20,20,32,64,"0x0","0x7fcdda2618c0",1706291.625,1039032.0625,1763325,1374460,1616924572936848,1616924573364644,1616924576310086,1616924576312389,2945442
15,"void laplacian_kernel<double>(double*, double const*, int, int, int, double, double, double, double) [clone .kd]",2,0,39,4124249,4124249,134217728,256,0,0,20,20,32,64,"0x0","0x7fcdda2618c0",1707008.4375,1039022,1764418,1373369,1616924576595787,1616924576988967,1616924579932808,1616924580025769,2943841
16,"void laplacian_kernel<double>(double*, double const*, int, int, int, double, double, double, double) [clone .kd]",2,0,42,4124249,4124249,134217728,256,0,0,20,20,32,64,"0x0","0x7fcdda2618c0",1702959.5,1039028,1767082,1370613,1616924580048080,1616924580640609,1616924583579811,1616924583657867,2939202
17,"void laplacian_kernel<double>(double*, double const*, int, int, int, double, double, double, double) [clone .kd]",2,0,45,4124249,4124249,134217728,256,0,0,20,20,32,64,"0x0","0x7fcdda2618c0",1701018.875,1039039.4375,1767251,1370514,1616924583680159,1616924584281731,1616924587229413,1616924587304834,2947682
18,"void laplacian_kernel<double>(double*, double const*, int, int, int, double, double, double, double) [clone .kd]",2,0,48,4124249,4124249,134217728,256,0,0,20,20,32,64,"0x0","0x7fcdda2618c0",1703873.875,1039011.625,1764869,1372889,1616924587327777,1616924587914534,1616924590851016,1616924590927735,2936482
19,"void laplacian_kernel<double>(double*, double const*, int, int, int, double, double, double, double) [clone .kd]",2,0,51,4124249,4124249,134217728,256,0,0,20,20,32,64,"0x0","0x7fcdda2618c0",1699980,1039012.875,1760609,1377176,1616924590951089,1616924591556376,1616924594490618,1616924594571266,2934242
20,"void laplacian_kernel<double>(double*, double const*, int, int, int, double, double, double, double) [clone .kd]",2,0,54,4124249,4124249,134217728,256,0,0,20,20,32,64,"0x0","0x7fcdda2618c0",1694870.75,1039010.0625,1763567,1374188,1616924594591564,1616924595186438,1616924598125318,1616924598214826,2938880
21,"void laplacian_kernel<double>(double*, double const*, int, int, int, double, double, double, double) [clone .kd]",2,0,57,4124249,4124249,134217728,256,0,0,20,20,32,64,"0x0","0x7fcdda2618c0",1704843.6875,1039027.6875,1760972,1376859,1616924598238219,1616924598873158,1616924601817638,1616924601896988,2944480
22,"void laplacian_kernel<double>(double*, double const*, int, int, int, double, double, double, double) [clone .kd]",2,0,60,4124249,4124249,134217728,256,0,0,20,20,32,64,"0x0","0x7fcdda2618c0",1702964.6875,1039018.1875,1765165,1372644,1616924601920021,1616924602520679,1616924605474439,1616924605553893,2953760
23,"void laplacian_kernel<double>(double*, double const*, int, int, int, double, double, double, double) [clone .kd]",2,0,63,4124249,4124249,134217728,256,0,0,20,20,32,64,"0x0","0x7fcdda2618c0",1702616.25,1039003.125,1763921,1373842,1616924605577056,1616924606169720,1616924609115480,1616924609193115,2945760
24,"void laplacian_kernel<double>(double*, double const*, int, int, int, double, double, double, double) [clone .kd]",2,0,66,4124249,4124249,134217728,256,0,0,20,20,32,64,"0x0","0x7fcdda2618c0",1709533,1039026.5625,1765984,1371706,1616924609216138,1616924609810920,1616924612748361,1616924612825464,2937441
25,"void laplacian_kernel<double>(double*, double const*, int, int, int, double, double, double, double) [clone .kd]",2,0,69,4124249,4124249,134217728,256,0,0,20,20,32,64,"0x0","0x7fcdda2618c0",1699692.75,1038993.9375,1767765,1370008,1616924612850391,1616924613437001,1616924616388202,1616924616465979,2951201
26,"void laplacian_kernel<double>(double*, double const*, int, int, int, double, double, double, double) [clone .kd]",2,0,72,4124249,4124249,134217728,256,0,0,20,20,32,64,"0x0","0x7fcdda2618c0",1698185.3125,1039027.625,1767686,1370028,1616924616489232,1616924617087242,1616924620024203,1616924620102966,2936961
27,"void laplacian_kernel<double>(double*, double const*, int, int, int, double, double, double, double) [clone .kd]",2,0,75,4124249,4124249,134217728,256,0,0,20,20,32,64,"0x0","0x7fcdda2618c0",1700472.4375,1039014.625,1763316,1374480,1616924620125338,1616924620716803,1616924623667524,1616924623746317,2950721
28,"void laplacian_kernel<double>(double*, double const*, int, int, int, double, double, double, double) [clone .kd]",2,0,78,4124249,4124249,134217728,256,0,0,20,20,32,64,"0x0","0x7fcdda2618c0",1701097.0625,1039023.375,1765610,1372152,1616924623769329,1616924624359244,1616924627307245,1616924627385859,2948001
29,"void laplacian_kernel<double>(double*, double const*, int, int, int, double, double, double, double) [clone .kd]",2,0,81,4124249,4124249,134217728,256,0,0,20,20,32,64,"0x0","0x7fcdda2618c0",1704181.625,1039016.71875,1764328,1373409,1616924627408932,1616924628008325,1616924630948166,1616924630950221,2939841
30,"void laplacian_kernel<double>(double*, double const*, int, int, int, double, double, double, double) [clone .kd]",2,0,84,4124249,4124249,134217728,256,0,0,20,20,32,64,"0x0","0x7fcdda2618c0",1705951,1039022.0625,1765960,1371817,1616924631230293,1616924631625926,1616924634565447,1616924634568104,2939521
31,"void laplacian_kernel<double>(double*, double const*, int, int, int, double, double, double, double) [clone .kd]",2,0,87,4124249,4124249,134217728,256,0,0,20,20,32,64,"0x0","0x7fcdda2618c0",1695327.8125,1039029,1766834,1370936,1616924634856331,1616924635266567,1616924638213448,1616924638291423,2946881
32,"void laplacian_kernel<double>(double*, double const*, int, int, int, double, double, double, double) [clone .kd]",2,0,90,4124249,4124249,134217728,256,0,0,20,20,32,64,"0x0","0x7fcdda2618c0",1701303.0625,1039033.0625,1764331,1373468,1616924638313444,1616924638904608,1616924641842369,1616924641844664,2937761
33,"void laplacian_kernel<double>(double*, double const*, int, int, int, double, double, double, double) [clone .kd]",2,0,93,4124249,4124249,134217728,256,0,0,20,20,32,64,"0x0","0x7fcdda2618c0",1699943.3125,1038991.1875,1765943,1371779,1616924642139464,1616924642552609,1616924645511330,1616924645591116,2958721
34,"void laplacian_kernel<double>(double*, double const*, int, int, int, double, double, double, double) [clone .kd]",2,0,96,4124249,4124249,134217728,256,0,0,20,20,32,64,"0x0","0x7fcdda2618c0",1696189.75,1039026.5,1766204,1371563,1616924645614219,1616924646222490,1616924649168891,1616924649248913,2946401
35,"void laplacian_kernel<double>(double*, double const*, int, int, int, double, double, double, double) [clone .kd]",2,0,99,4124249,4124249,134217728,256,0,0,20,20,32,64,"0x0","0x7fcdda2618c0",1701945.1875,1039031.9375,1768593,1369157,1616924649269231,1616924649869651,1616924652809972,1616924652889448,2940321
36,"void laplacian_kernel<double>(double*, double const*, int, int, int, double, double, double, double) [clone .kd]",2,0,102,4124249,4124249,134217728,256,0,0,20,20,32,64,"0x0","0x7fcdda2618c0",1697313,1039011.125,1764106,1373708,1616924652910808,1616924653523692,1616924656457612,1616924656533869,2933920
37,"void laplacian_kernel<double>(double*, double const*, int, int, int, double, double, double, double) [clone .kd]",2,0,105,4124249,4124249,134217728,256,0,0,20,20,32,64,"0x0","0x7fcdda2618c0",1696092.8125,1039031.0625,1767770,1370013,1616924656557383,1616924657152653,1616924660099213,1616924660174564,2946560
38,"void laplacian_kernel<double>(double*, double const*, int, int, int, double, double, double, double) [clone .kd]",2,0,108,4124249,4124249,134217728,256,0,0,20,20,32,64,"0x0","0x7fcdda2618c0",1699475.5625,1038989.875,1769702,1368066,1616924660199039,1616924660810111,1616924663751551,1616924663836729,2941440
39,"void laplacian_kernel<double>(double*, double const*, int, int, int, double, double, double, double) [clone .kd]",2,0,111,4124249,4124249,134217728,256,0,0,20,20,32,64,"0x0","0x7fcdda2618c0",1702147.375,1039044.3125,1766860,1370949,1616924663862687,1616924664467071,1616924667416671,1616924667497000,2949600
40,"void laplacian_kernel<double>(double*, double const*, int, int, int, double, double, double, double) [clone .kd]",2,0,114,4124249,4124249,134217728,256,0,0,20,20,32,64,"0x0","0x7fcdda2618c0",1708031.5625,1039033.0625,1768538,1369253,1616924667518570,1616924668119031,1616924671056951,1616924671137184,2937920
41,"void laplacian_kernel<double>(double*, double const*, int, int, int, double, double, double, double) [clone .kd]",2,0,117,4124249,4124249,134217728,256,0,0,20,20,32,64,"0x0","0x7fcdda2618c0",1700261.5,1039018.3125,1769628,1368142,1616924671158294,1616924671771511,1616924674705912,1616924674785132,2934401
42,"void laplacian_kernel<double>(double*, double const*, int, int, int, double, double, double, double) [clone .kd]",2,0,120,4124249,4124249,134217728,256,0,0,20,20,32,64,"0x0","0x7fcdda2618c0",1700837.0625,1039019.125,1768581,1369254,1616924674809217,1616924675404512,1616924678357472,1616924678436768,2952960
43,"void laplacian_kernel<double>(double*, double const*, int, int, int, double, double, double, double) [clone .kd]",2,0,123,4124249,4124249,134217728,256,0,0,20,20,32,64,"0x0","0x7fcdda2618c0",1711631.9375,1039041.875,1768544,1369312,1616924678460582,1616924679072392,1616924682019592,1616924682097480,2947200
44,"void laplacian_kernel<double>(double*, double const*, int, int, int, double, double, double, double) [clone .kd]",2,0,126,4124249,4124249,134217728,256,0,0,20,20,32,64,"0x0","0x7fcdda2618c0",1702919.25,1039009.625,1767977,1369879,1616924682120372,1616924682715593,1616924685661033,1616924685737794,2945440
45,"void laplacian_kernel<double>(double*, double const*, int, int, int, double, double, double, double) [clone .kd]",2,0,129,4124249,4124249,134217728,256,0,0,20,20,32,64,"0x0","0x7fcdda2618c0",1697559.6875,1039023.875,1766560,1371256,1616924685759995,1616924686352153,1616924689294873,1616924689374962,2942720
46,"void laplacian_kernel<double>(double*, double const*, int, int, int, double, double, double, double) [clone .kd]",2,0,132,4124249,4124249,134217728,256,0,0,20,20,32,64,"0x0","0x7fcdda2618c0",1702480,1039040.0625,1766407,1371374,1616924689395721,1616924690015593,1616924692948554,1616924693027689,2932961
47,"void laplacian_kernel<double>(double*, double const*, int, int, int, double, double, double, double) [clone .kd]",2,0,135,4124249,4124249,134217728,256,0,0,20,20,32,64,"0x0","0x7fcdda2618c0",1706776.9375,1039006.5625,1765311,1372468,1616924693051884,1616924693651994,1616924696600154,1616924696679785,2948160
48,"void laplacian_kernel<double>(double*, double const*, int, int, int, double, double, double, double) [clone .kd]",2,0,138,4124249,4124249,134217728,256,0,0,20,20,32,64,"0x0","0x7fcdda2618c0",1704700.0625,1039022.5625,1766218,1371518,1616924696703339,1616924697288114,1616924700238194,1616924700317094,2950080
49,"void laplacian_kernel<double>(double*, double const*, int, int, int, double, double, double, double) [clone .kd]",2,0,141,4124249,4124249,134217728,256,0,0,20,20,32,64,"0x0","0x7fcdda2618c0",1704288.25,1039027.375,1766854,1370955,1616924700346349,1616924700951035,1616924703891195,1616924703969019,2940160
50,"void laplacian_kernel<double>(double*, double const*, int, int, int, double, double, double, double) [clone .kd]",2,0,144,4124249,4124249,134217728,256,0,0,20,20,32,64,"0x0","0x7fcdda2618c0",1699032,1039024.0625,1767849,1369946,1616924703989117,1616924704612395,1616924707550315,1616924707628098,2937920
51,"void laplacian_kernel<double>(double*, double const*, int, int, int, double, double, double, double) [clone .kd]",2,0,147,4124249,4124249,134217728,256,0,0,20,20,32,64,"0x0","0x7fcdda2618c0",1696967.125,1038976.6875,1764715,1373101,1616924707650720,1616924708254395,1616924711201596,1616924711281267,2947201
52,"void laplacian_kernel<double>(double*, double const*, int, int, int, double, double, double, double) [clone .kd]",2,0,150,4124249,4124249,134217728,256,0,0,20,20,32,64,"0x0","0x7fcdda2618c0",1697495.625,1039017.1875,1767652,1370116,1616924711303869,1616924711896836,1616924714827076,1616924714906482,2930240
53,"void laplacian_kernel<double>(double*, double const*, int, int, int, double, double, double, double) [clone .kd]",2,0,153,4124249,4124249,134217728,256,0,0,20,20,32,64,"0x0","0x7fcdda2618c0",1705014,1038983.875,1765916,1371839,1616924714929195,1616924715525076,1616924718479316,1616924718559300,2954240
54,"void laplacian_kernel<double>(double*, double const*, int, int, int, double, double, double, double) [clone .kd]",2,0,156,4124249,4124249,134217728,256,0,0,20,20,32,64,"0x0","0x7fcdda2618c0",1703729.75,1039030.25,1765788,1372037,1616924718589386,1616924719193197,1616924722143277,1616924722145403,2950080
55,"void laplacian_kernel<double>(double*, double const*, int, int, int, double, double, double, double) [clone .kd]",2,0,159,4124249,4124249,134217728,256,0,0,20,20,32,64,"0x0","0x7fcdda2618c0",1696407,1039023.75,1767517,1370240,1616924722453006,1616924722858477,1616924725795117,1616924725874994,2936640
56,"void laplacian_kernel<double>(double*, double const*, int, int, int, double, double, double, double) [clone .kd]",2,0,162,4124249,4124249,134217728,256,0,0,20,20,32,64,"0x0","0x7fcdda2618c0",1698830.8125,1039013.8125,1767515,1370209,1616924725896343,1616924726509265,1616924729450865,1616924729539743,2941600
57,"void laplacian_kernel<double>(double*, double const*, int, int, int, double, double, double, double) [clone .kd]",2,0,165,4124249,4124249,134217728,256,0,0,20,20,32,64,"0x0","0x7fcdda2618c0",1702608.875,1039025.5,1768361,1369434,1616924729567235,1616924730163065,1616924733101785,1616924733180809,2938720
58,"void laplacian_kernel<double>(double*, double const*, int, int, int, double, double, double, double) [clone .kd]",2,0,168,4124249,4124249,134217728,256,0,0,20,20,32,64,"0x0","0x7fcdda2618c0",1700243.875,1039039.71875,1764296,1373467,1616924733204022,1616924733799185,1616924736737265,1616924736817686,2938080
59,"void laplacian_kernel<double>(double*, double const*, int, int, int, double, double, double, double) [clone .kd]",2,0,171,4124249,4124249,134217728,256,0,0,20,20,32,64,"0x0","0x7fcdda2618c0",1702802.5625,1039013.625,1767281,1370442,1616924736847412,1616924737457425,1616924740410065,1616924740487225,2952640
60,"void laplacian_kernel<double>(double*, double const*, int, int, int, double, double, double, double) [clone .kd]",2,0,174,4124249,4124249,134217728,256,0,0,20,20,32,64,"0x0","0x7fcdda2618c0",1697867.9375,1039033.4375,1767985,1369766,1616924740509236,1616924741118785,1616924744065026,1616924744144380,2946241
61,"void laplacian_kernel<double>(double*, double const*, int, int, int, double, double, double, double) [clone .kd]",2,0,177,4124249,4124249,134217728,256,0,0,20,20,32,64,"0x0","0x7fcdda2618c0",1708490.9375,1039015.75,1764638,1373102,1616924744165419,1616924744773146,1616924747713626,1616924747791267,2940480
62,"void laplacian_kernel<double>(double*, double const*, int, int, int, double, double, double, double) [clone .kd]",2,0,180,4124249,4124249,134217728,256,0,0,20,20,32,64,"0x0","0x7fcdda2618c0",1700688.875,1039023.375,1769306,1368479,1616924747814841,1616924748416786,1616924751359506,1616924751438544,2942720
63,"void laplacian_kernel<double>(double*, double const*, int, int, int, double, double, double, double) [clone .kd]",2,0,183,4124249,4124249,134217728,256,0,0,20,20,32,64,"0x0","0x7fcdda2618c0",1699398.1875,1039041.6875,1767828,1369962,1616924751462258,1616924752085986,1616924755029827,1616924755031990,2943841
64,"void laplacian_kernel<double>(double*, double const*, int, int, int, double, double, double, double) [clone .kd]",2,0,186,4124249,4124249,134217728,256,0,0,20,20,32,64,"0x0","0x7fcdda2618c0",1700319.25,1039037,1767137,1370655,1616924755324445,1616924755731747,1616924758671267,1616924758751893,2939520
65,"void laplacian_kernel<double>(double*, double const*, int, int, int, double, double, double, double) [clone .kd]",2,0,189,4124249,4124249,134217728,256,0,0,20,20,32,64,"0x0","0x7fcdda2618c0",1700904.4375,1039007.5,1768288,1369494,1616924758772141,1616924759388467,1616924762340947,1616924762420089,2952480
66,"void laplacian_kernel<double>(double*, double const*, int, int, int, double, double, double, double) [clone .kd]",2,0,192,4124249,4124249,134217728,256,0,0,20,20,32,64,"0x0","0x7fcdda2618c0",1705060,1039042,1763982,1373809,1616924762440156,1616924763047187,1616924765999668,1616924766080400,2952481
67,"void laplacian_kernel<double>(double*, double const*, int, int, int, double, double, double, double) [clone .kd]",2,0,195,4124249,4124249,134217728,256,0,0,20,20,32,64,"0x0","0x7fcdda2618c0",1701015.25,1039016.75,1763577,1374178,1616924766103574,1616924766712148,1616924769655188,1616924769734320,2943040
68,"void laplacian_kernel<double>(double*, double const*, int, int, int, double, double, double, double) [clone .kd]",2,0,198,4124249,4124249,134217728,256,0,0,20,20,32,64,"0x0","0x7fcdda2618c0",1698045.125,1039024.5,1765740,1372100,1616924769756692,1616924770350788,1616924773299268,1616924773301207,2948480
69,"void laplacian_kernel<double>(double*, double const*, int, int, int, double, double, double, double) [clone .kd]",2,0,201,4124249,4124249,134217728,256,0,0,20,20,32,64,"0x0","0x7fcdda2618c0",1700027,1039015.5,1766896,1370870,1616924773595245,1616924774007588,1616924776946308,1616924777025718,2938720
70,"void laplacian_kernel<double>(double*, double const*, int, int, int, double, double, double, double) [clone .kd]",2,0,204,4124249,4124249,134217728,256,0,0,20,20,32,64,"0x0","0x7fcdda2618c0",1702033.75,1039030.5,1768848,1368982,1616924777047228,1616924777664908,1616924780614189,1616924780694645,2949281
71,"void laplacian_kernel<double>(double*, double const*, int, int, int, double, double, double, double) [clone .kd]",2,0,207,4124249,4124249,134217728,256,0,0,20,20,32,64,"0x0","0x7fcdda2618c0",1693308,1039012.0625,1765461,1372320,1616924780714913,1616924781333349,1616924784273029,1616924784350278,2939680
72,"void laplacian_kernel<double>(double*, double const*, int, int, int, double, double, double, double) [clone .kd]",2,0,210,4124249,4124249,134217728,256,0,0,20,20,32,64,"0x0","0x7fcdda2618c0",1704477.5,1039040.6875,1767690,1370190,1616924784373100,1616924784993069,1616924787936909,1616924788038802,2943840
73,"void laplacian_kernel<double>(double*, double const*, int, int, int, double, double, double, double) [clone .kd]",2,0,213,4124249,4124249,134217728,256,0,0,20,20,32,64,"0x0","0x7fcdda2618c0",1698825.1875,1039004.75,1768313,1369454,1616924788062677,1616924788666269,1616924791606910,1616924791608635,2940641
74,"void laplacian_kernel<double>(double*, double const*, int, int, int, double, double, double, double) [clone .kd]",2,0,216,4124249,4124249,134217728,256,0,0,20,20,32,64,"0x0","0x7fcdda2618c0",1699945.25,1039024.8125,1765848,1371913,1616924791894167,1616924792318890,1616924795274730,1616924795282722,2955840
75,"void laplacian_kernel<double>(double*, double const*, int, int, int, double, double, double, double) [clone .kd]",2,0,219,4124249,4124249,134217728,256,0,0,20,20,32,64,"0x0","0x7fcdda2618c0",1701194.4375,1038983.875,1767428,1370370,1616924795564277,1616924795969928,1616924798909928,1616924798990131,2940000
76,"void laplacian_kernel<double>(double*, double const*, int, int, int, double, double, double, double) [clone .kd]",2,0,222,4124249,4124249,134217728,256,0,0,20,20,32,64,"0x0","0x7fcdda2618c0",1702276.375,1039030.125,1765595,1372204,1616924799012613,1616924799610687,1616924802564447,1616924802645263,2953760
77,"void laplacian_kernel<double>(double*, double const*, int, int, int, double, double, double, double) [clone .kd]",2,0,225,4124249,4124249,134217728,256,0,0,20,20,32,64,"0x0","0x7fcdda2618c0",1701011.0625,1038990.25,1765413,1372375,1616924802668256,1616924803270687,1616924806224446,1616924806303741,2953759
78,"void laplacian_kernel<double>(double*, double const*, int, int, int, double, double, double, double) [clone .kd]",2,0,228,4124249,4124249,134217728,256,0,0,20,20,32,64,"0x0","0x7fcdda2618c0",1702490.375,1039017.875,1765727,1372024,1616924806327705,1616924806942926,1616924809884365,1616924809963220,2941439
79,"void laplacian_kernel<double>(double*, double const*, int, int, int, double, double, double, double) [clone .kd]",2,0,231,4124249,4124249,134217728,256,0,0,20,20,32,64,"0x0","0x7fcdda2618c0",1699108.125,1039028.9375,1764224,1373519,1616924809982797,1616924810594045,1616924813543164,1616924813625014,2949119
80,"void laplacian_kernel<double>(double*, double const*, int, int, int, double, double, double, double) [clone .kd]",2,0,234,4124249,4124249,134217728,256,0,0,20,20,32,64,"0x0","0x7fcdda2618c0",1696772.25,1039032.5625,1766221,1371613,1616924813644471,1616924814263084,1616924817210603,1616924817290766,2947519
81,"void laplacian_kernel<double>(double*, double const*, int, int, int, double, double, double, double) [clone .kd]",2,0,237,4124249,4124249,134217728,256,0,0,20,20,32,64,"0x0","0x7fcdda2618c0",1699006.625,1039025.25,1765009,1372797,1616924817314260,1616924817919683,1616924820858562,1616924820938153,2938879
82,"void laplacian_kernel<double>(double*, double const*, int, int, int, double, double, double, double) [clone .kd]",2,0,240,4124249,4124249,134217728,256,0,0,20,20,32,64,"0x0","0x7fcdda2618c0",1699362.25,1039019.25,1765314,1372462,1616924820960665,1616924821561322,1616924824509161,1616924824511463,2947839
83,"void laplacian_kernel<double>(double*, double const*, int, int, int, double, double, double, double) [clone .kd]",2,0,243,4124249,4124249,134217728,256,0,0,20,20,32,64,"0x0","0x7fcdda2618c0",1702410.75,1039020.625,1766608,1371182,1616924824800081,1616924825206441,1616924828152841,1616924828155173,2946400
84,"void laplacian_kernel<double>(double*, double const*, int, int, int, double, double, double, double) [clone .kd]",2,0,246,4124249,4124249,134217728,256,0,0,20,20,32,64,"0x0","0x7fcdda2618c0",1698944.375,1039010.5,1766027,1371776,1616924828435475,1616924828850280,1616924831797960,1616924831800135,2947680
85,"void laplacian_kernel<double>(double*, double const*, int, int, int, double, double, double, double) [clone .kd]",2,0,249,4124249,4124249,134217728,256,0,0,20,20,32,64,"0x0","0x7fcdda2618c0",1697455,1039037.4375,1763575,1374178,1616924832094905,1616924832508200,1616924835440519,1616924835517874,2932319
86,"void laplacian_kernel<double>(double*, double const*, int, int, int, double, double, double, double) [clone .kd]",2,0,252,4124249,4124249,134217728,256,0,0,20,20,32,64,"0x0","0x7fcdda2618c0",1703502.9375,1039045.1875,1767578,1370216,1616924835540426,1616924836145079,1616924839099958,1616924839177755,2954879
87,"void laplacian_kernel<double>(double*, double const*, int, int, int, double, double, double, double) [clone .kd]",2,0,255,4124249,4124249,134217728,256,0,0,20,20,32,64,"0x0","0x7fcdda2618c0",1695674.0625,1039004.3125,1763900,1373847,1616924839204635,1616924839809558,1616924842748757,1616924842828488,2939199
88,"void laplacian_kernel<double>(double*, double const*, int, int, int, double, double, double, double) [clone .kd]",2,0,258,4124249,4124249,134217728,256,0,0,20,20,32,64,"0x0","0x7fcdda2618c0",1700021.9375,1039032.625,1766494,1371287,1616924842851621,1616924843451317,1616924846399476,1616924846479512,2948159
89,"void laplacian_kernel<double>(double*, double const*, int, int, int, double, double, double, double) [clone .kd]",2,0,261,4124249,4124249,134217728,256,0,0,20,20,32,64,"0x0","0x7fcdda2618c0",1700755.25,1039033.96875,1766002,1371759,1616924846499940,1616924847120116,1616924850067475,1616924850147227,2947359
90,"void laplacian_kernel<double>(double*, double const*, int, int, int, double, double, double, double) [clone .kd]",2,0,264,4124249,4124249,134217728,256,0,0,20,20,32,64,"0x0","0x7fcdda2618c0",1698225.375,1039032.625,1766388,1371428,1616924850168207,1616924850797795,1616924853735234,1616924853815704,2937439
91,"void laplacian_kernel<double>(double*, double const*, int, int, int, double, double, double, double) [clone .kd]",2,0,267,4124249,4124249,134217728,256,0,0,20,20,32,64,"0x0","0x7fcdda2618c0",1697684.625,1038998.9375,1765078,1372745,1616924853838286,1616924854431674,1616924857375194,1616924857454475,2943520
92,"void laplacian_kernel<double>(double*, double const*, int, int, int, double, double, double, double) [clone .kd]",2,0,270,4124249,4124249,134217728,256,0,0,20,20,32,64,"0x0","0x7fcdda2618c0",1703999.25,1039041.75,1766843,1370944,1616924857477779,1616924858086734,1616924861045294,1616924861133030,2958560
93,"void laplacian_kernel<double>(double*, double const*, int, int, int, double, double, double, double) [clone .kd]",2,0,273,4124249,4124249,134217728,256,0,0,20,20,32,64,"0x0","0x7fcdda2618c0",1696210.5625,1039029.9375,1768610,1369250,1616924861159389,1616924861765372,1616924864705852,1616924864785517,2940480
94,"void laplacian_kernel<double>(double*, double const*, int, int, int, double, double, double, double) [clone .kd]",2,0,276,4124249,4124249,134217728,256,0,0,20,20,32,64,"0x0","0x7fcdda2618c0",1701741.1875,1039042.5625,1763839,1373973,1616924864806677,1616924865405772,1616924868356012,1616924868434157,2950240
95,"void laplacian_kernel<double>(double*, double const*, int, int, int, double, double, double, double) [clone .kd]",2,0,279,4124249,4124249,134217728,256,0,0,20,20,32,64,"0x0","0x7fcdda2618c0",1701237.5,1039018.5,1766383,1371450,1616924868455807,1616924869085412,1616924872029092,1616924872108805,2943680
96,"void laplacian_kernel<double>(double*, double const*, int, int, int, double, double, double, double) [clone .kd]",2,0,282,4124249,4124249,134217728,256,0,0,20,20,32,64,"0x0","0x7fcdda2618c0",1701492.6875,1039048.4375,1765969,1371757,1616924872132479,1616924872742092,1616924875686571,1616924875763075,2944479
97,"void laplacian_kernel<double>(double*, double const*, int, int, int, double, double, double, double) [clone .kd]",2,0,285,4124249,4124249,134217728,256,0,0,20,20,32,64,"0x0","0x7fcdda2618c0",1698359.0625,1039021.4375,1767990,1369822,1616924875786719,1616924876401171,1616924879342771,1616924879421824,2941600
98,"void laplacian_kernel<double>(double*, double const*, int, int, int, double, double, double, double) [clone .kd]",2,0,288,4124249,4124249,134217728,256,0,0,20,20,32,64,"0x0","0x7fcdda2618c0",1697676.6875,1039034.875,1766180,1371644,1616924879444957,1616924880053891,1616924883001411,1616924883080883,2947520
99,"void laplacian_kernel<double>(double*, double const*, int, int, int, double, double, double, double) [clone .kd]",2,0,291,4124249,4124249,134217728,256,0,0,20,20,32,64,"0x0","0x7fcdda2618c0",1703081.5625,1038998.75,1765714,1372077,1616924883100279,1616924883697331,1616924886650770,1616924886731766,2953439
100,"void laplacian_kernel<double>(double*, double const*, int, int, int, double, double, double, double) [clone .kd]",2,0,294,4124249,4124249,134217728,256,0,0,20,20,32,64,"0x0","0x7fcdda2618c0",1701750.9375,1039035.5625,1768654,1369152,1616924886752485,1616924887364330,1616924890312810,1616924890394412,2948480
101,"void laplacian_kernel<double>(double*, double const*, int, int, int, double, double, double, double) [clone .kd]",2,0,297,4124249,4124249,134217728,256,0,0,20,20,32,64,"0x0","0x7fcdda2618c0",1698345.1875,1039008.1875,1768818,1368981,1616924890416774,1616924891012090,1616924893946490,1616924894026190,2934400
102,"void laplacian_kernel<double>(double*, double const*, int, int, int, double, double, double, double) [clone .kd]",2,0,300,4124249,4124249,134217728,256,0,0,20,20,32,64,"0x0","0x7fcdda2618c0",1703771.1875,1039024.8125,1763131,1374642,1616924894049373,1616924894663250,1616924897618610,1616924897699416,2955360
103,"void laplacian_kernel<double>(double*, double const*, int, int, int, double, double, double, double) [clone .kd]",2,0,303,4124249,4124249,134217728,256,0,0,20,20,32,64,"0x0","0x7fcdda2618c0",1706520.125,1039026.1875,1764678,1373125,1616924897720916,1616924898333369,1616924901291449,1616924901372992,2958080
104,"void laplacian_kernel<double>(double*, double const*, int, int, int, double, double, double, double) [clone .kd]",2,0,306,4124249,4124249,134217728,256,0,0,20,20,32,64,"0x0","0x7fcdda2618c0",1699284.4375,1039028.625,1767079,1370783,1616924901394161,1616924901995129,1616924904932569,1616924905011633,2937440
105,"void laplacian_kernel<double>(double*, double const*, int, int, int, double, double, double, double) [clone .kd]",2,0,309,4124249,4124249,134217728,256,0,0,20,20,32,64,"0x0","0x7fcdda2618c0",1701197.5625,1039016.25,1763913,1373844,1616924905032171,1616924905653849,1616924908606649,1616924908688134,2952800
106,"void laplacian_kernel<double>(double*, double const*, int, int, int, double, double, double, double) [clone .kd]",2,0,312,4124249,4124249,134217728,256,0,0,20,20,32,64,"0x0","0x7fcdda2618c0",1698494.3125,1039046.4375,1768567,1369209,1616924908711508,1616924909324889,1616924912267288,1616924912344699,2942399
107,"void laplacian_kernel<double>(double*, double const*, int, int, int, double, double, double, double) [clone .kd]",2,0,315,4124249,4124249,134217728,256,0,0,20,20,32,64,"0x0","0x7fcdda2618c0",1701171.625,1039002.75,1766356,1371402,1616924912368132,1616924912966728,1616924915905768,1616924915983400,2939040
108,"void laplacian_kernel<double>(double*, double const*, int, int, int, double, double, double, double) [clone .kd]",2,0,318,4124249,4124249,134217728,256,0,0,20,20,32,64,"0x0","0x7fcdda2618c0",1699817.625,1038995.875,1766995,1370775,1616924916012414,1616924916649888,1616924919590688,1616924919669119,2940800
109,"void laplacian_kernel<double>(double*, double const*, int, int, int, double, double, double, double) [clone .kd]",2,0,321,4124249,4124249,134217728,256,0,0,20,20,32,64,"0x0","0x7fcdda2618c0",1696959.625,1039020.25,1766729,1370983,1616924919690388,1616924920293688,1616924923235287,1616924923314181,2941599
110,"void laplacian_kernel<double>(double*, double const*, int, int, int, double, double, double, double) [clone .kd]",2,0,324,4124249,4124249,134217728,256,0,0,20,20,32,64,"0x0","0x7fcdda2618c0",1702061.1875,1039032.625,1764736,1373001,1616924923335060,1616924923943682,1616924926883362,1616924926972650,2939680
111,"void laplacian_kernel<double>(double*, double const*, int, int, int, double, double, double, double) [clone .kd]",2,0,327,4124249,4124249,134217728,256,0,0,20,20,32,64,"0x0","0x7fcdda2618c0",1700232.6875,1039029.875,1766591,1371204,1616924927001223,1616924927585720,1616924930533559,1616924930614326,2947839
112,"void laplacian_kernel<double>(double*, double const*, int, int, int, double, double, double, double) [clone .kd]",2,0,330,4124249,4124249,134217728,256,0,0,20,20,32,64,"0x0","0x7fcdda2618c0",1700555.75,1038998.9375,1769062,1368679,1616924930637770,1616924931243079,1616924934188998,1616924934268466,2945919
113,"void laplacian_kernel<double>(double*, double const*, int, int, int, double, double, double, double) [clone .kd]",2,0,333,4124249,4124249,134217728,256,0,0,20,20,32,64,"0x0","0x7fcdda2618c0",1700235.5625,1039028.4375,1766361,1371421,1616924934298522,1616924934911078,1616924937850437,1616924937929649,2939359
114,"void laplacian_kernel<double>(double*, double const*, int, int, int, double, double, double, double) [clone .kd]",2,0,336,4124249,4124249,134217728,256,0,0,20,20,32,64,"0x0","0x7fcdda2618c0",1696106.25,1039023.3125,1767461,1370341,1616924937949796,1616924938581077,1616924941531476,1616924941610979,2950399
115,"void laplacian_kernel<double>(double*, double const*, int, int, int, double, double, double, double) [clone .kd]",2,0,339,4124249,4124249,134217728,256,0,0,20,20,32,64,"0x0","0x7fcdda2618c0",1699429.75,1039016.4375,1762792,1375100,1616924941631317,1616924942252876,1616924945201355,1616924945282281,2948479
116,"void laplacian_kernel<double>(double*, double const*, int, int, int, double, double, double, double) [clone .kd]",2,0,342,4124249,4124249,134217728,256,0,0,20,20,32,64,"0x0","0x7fcdda2618c0",1699865.1875,1039022.75,1765504,1372329,1616924945305074,1616924945907514,1616924948842553,1616924948922185,2935039
117,"void laplacian_kernel<double>(double*, double const*, int, int, int, double, double, double, double) [clone .kd]",2,0,345,4124249,4124249,134217728,256,0,0,20,20,32,64,"0x0","0x7fcdda2618c0",1698708.9375,1039008.5625,1768332,1369520,1616924948945188,1616924949549633,1616924952496832,1616924952577046,2947199
118,"void laplacian_kernel<double>(double*, double const*, int, int, int, double, double, double, double) [clone .kd]",2,0,348,4124249,4124249,134217728,256,0,0,20,20,32,64,"0x0","0x7fcdda2618c0",1695923.875,1039017.9375,1764279,1373535,1616924952605729,1616924953206032,1616924956153711,1616924956232257,2947679
119,"void laplacian_kernel<double>(double*, double const*, int, int, int, double, double, double, double) [clone .kd]",2,0,351,4124249,4124249,134217728,256,0,0,20,20,32,64,"0x0","0x7fcdda2618c0",1704936.6875,1039043.375,1768358,1369400,1616924956253006,1616924956857911,1616924959796630,1616924959872431,2938719
120,"void laplacian_kernel<double>(double*, double const*, int, int, int, double, double, double, double) [clone .kd]",2,0,354,4124249,4124249,134217728,256,0,0,20,20,32,64,"0x0","0x7fcdda2618c0",1697457.625,1039023.4375,1766002,1371738,1616924959894252,1616924960512190,1616924963462589,1616924963541769,2950399
121,"void laplacian_kernel<double>(double*, double const*, int, int, int, double, double, double, double) [clone .kd]",2,0,357,4124249,4124249,134217728,256,0,0,20,20,32,64,"0x0","0x7fcdda2618c0",1697875.9375,1039000.1875,1764553,1373244,1616924963564933,1616924964181749,1616924967123828,1616924967202762,2942079
122,"void laplacian_kernel<double>(double*, double const*, int, int, int, double, double, double, double) [clone .kd]",2,0,360,4124249,4124249,134217728,256,0,0,20,20,32,64,"0x0","0x7fcdda2618c0",1703266.8125,1039042.1875,1766971,1370787,1616924967225204,1616924967833667,1616924970770786,1616924970853335,2937119
123,"void laplacian_kernel<double>(double*, double const*, int, int, int, double, double, double, double) [clone .kd]",2,0,363,4124249,4124249,134217728,256,0,0,20,20,32,64,"0x0","0x7fcdda2618c0",1699096,1039026.625,1766191,1371500,1616924970881368,1616924971501586,1616924974451825,1616924974532392,2950239
124,"void laplacian_kernel<double>(double*, double const*, int, int, int, double, double, double, double) [clone .kd]",2,0,366,4124249,4124249,134217728,256,0,0,20,20,32,64,"0x0","0x7fcdda2618c0",1701511.125,1039013.4375,1768503,1369248,1616924974552449,1616924975158425,1616924978105144,1616924978184007,2946719
125,"void laplacian_kernel<double>(double*, double const*, int, int, int, double, double, double, double) [clone .kd]",2,0,369,4124249,4124249,134217728,256,0,0,20,20,32,64,"0x0","0x7fcdda2618c0",1698970.4375,1038999.125,1769159,1368648,1616924978204125,1616924978821344,1616924981760223,1616924981839780,2938879
126,"void laplacian_kernel<double>(double*, double const*, int, int, int, double, double, double, double) [clone .kd]",2,0,372,4124249,4124249,134217728,256,0,0,20,20,32,64,"0x0","0x7fcdda2618c0",1697263.5625,1039003,1765306,1372521,1616924981862823,1616924982462183,1616924985406342,1616924985485524,2944159
127,"void laplacian_kernel<double>(double*, double const*, int, int, int, double, double, double, double) [clone .kd]",2,0,375,4124249,4124249,134217728,256,0,0,20,20,32,64,"0x0","0x7fcdda2618c0",1698482.4375,1039004.5,1765880,1371932,1616924985508026,1616924986136862,1616924989075421,1616924989154512,2938559
128,"void laplacian_kernel<double>(double*, double const*, int, int, int, double, double, double, double) [clone .kd]",2,0,378,4124249,4124249,134217728,256,0,0,20,20,32,64,"0x0","0x7fcdda2618c0",1703094.75,1039034.5625,1765776,1372012,1616924989182704,1616924989788187,1616924992727707,1616924992813360,2939520
129,"void laplacian_kernel<double>(double*, double const*, int, int, int, double, double, double, double) [clone .kd]",2,0,381,4124249,4124249,134217728,256,0,0,20,20,32,64,"0x0","0x7fcdda2618c0",1697798.125,1039034.375,1767543,1370186,1616924992842975,1616924993455267,1616924996399747,1616924996478861,2944480
130,"void laplacian_kernel<double>(double*, double const*, int, int, int, double, double, double, double) [clone .kd]",2,0,384,4124249,4124249,134217728,256,0,0,20,20,32,64,"0x0","0x7fcdda2618c0",1696639.9375,1039030.5625,1761837,1375934,1616924996500081,1616924997114027,1616925000053867,1616925000055637,2939840
131,"void laplacian_kernel<double>(double*, double const*, int, int, int, double, double, double, double) [clone .kd]",2,0,387,4124249,4124249,134217728,256,0,0,20,20,32,64,"0x0","0x7fcdda2618c0",1698770.25,1039006.9375,1766226,1371607,1616925000367658,1616925000784747,1616925003717067,1616925003794956,2932320
132,"void laplacian_kernel<double>(double*, double const*, int, int, int, double, double, double, double) [clone .kd]",2,0,390,4124249,4124249,134217728,256,0,0,20,20,32,64,"0x0","0x7fcdda2618c0",1701029.9375,1039016.9375,1768344,1369409,1616925003816666,1616925004424587,1616925007374667,1616925007455127,2950080
133,"void laplacian_kernel<double>(double*, double const*, int, int, int, double, double, double, double) [clone .kd]",2,0,393,4124249,4124249,134217728,256,0,0,20,20,32,64,"0x0","0x7fcdda2618c0",1700518.25,1039014,1765555,1372302,1616925007482868,1616925008088347,1616925011045787,1616925011125146,2957440
134,"void laplacian_kernel<double>(double*, double const*, int, int, int, double, double, double, double) [clone .kd]",2,0,396,4124249,4124249,134217728,256,0,0,20,20,32,64,"0x0","0x7fcdda2618c0",1699395.5625,1039021,1767919,1369836,1616925011145163,1616925011761907,1616925014697907,1616925014778444,2936000
135,"void laplacian_kernel<double>(double*, double const*, int, int, int, double, double, double, double) [clone .kd]",2,0,399,4124249,4124249,134217728,256,0,0,20,20,32,64,"0x0","0x7fcdda2618c0",1700941.125,1039034.125,1767954,1369873,1616925014798542,1616925015419107,1616925018365187,1616925018445158,2946080
136,"void laplacian_kernel<double>(double*, double const*, int, int, int, double, double, double, double) [clone .kd]",2,0,402,4124249,4124249,134217728,256,0,0,20,20,32,64,"0x0","0x7fcdda2618c0",1701224.0625,1039023.5625,1763394,1374505,1616925018468461,1616925019078787,1616925022028387,1616925022108645,2949600
137,"void laplacian_kernel<double>(double*, double const*, int, int, int, double, double, double, double) [clone .kd]",2,0,405,4124249,4124249,134217728,256,0,0,20,20,32,64,"0x0","0x7fcdda2618c0",1703415.875,1039020.125,1767102,1370687,1616925022132299,1616925022738067,1616925025687347,1616925025766151,2949280
138,"void laplacian_kernel<double>(double*, double const*, int, int, int, double, double, double, double) [clone .kd]",2,0,408,4124249,4124249,134217728,256,0,0,20,20,32,64,"0x0","0x7fcdda2618c0",1699349.1875,1039017.4375,1765827,1371967,1616925025795877,1616925026402107,1616925029352667,1616925029354418,2950560
139,"void laplacian_kernel<double>(double*, double const*, int, int, int, double, double, double, double) [clone .kd]",2,0,411,4124249,4124249,134217728,256,0,0,20,20,32,64,"0x0","0x7fcdda2618c0",1698997.875,1039038.875,1765628,1372210,1616925029643437,1616925030048827,1616925032992187,1616925033071515,2943360
140,"void laplacian_kernel<double>(double*, double const*, int, int, int, double, double, double, double) [clone .kd]",2,0,414,4124249,4124249,134217728,256,0,0,20,20,32,64,"0x0","0x7fcdda2618c0",1699137.1875,1039005.1875,1767924,1369859,1616925033092895,1616925033714827,1616925036671467,1616925036673147,2956640
141,"void laplacian_kernel<double>(double*, double const*, int, int, int, double, double, double, double) [clone .kd]",2,0,417,4124249,4124249,134217728,256,0,0,20,20,32,64,"0x0","0x7fcdda2618c0",1697642.4375,1039002.6875,1761764,1376057,1616925036962797,1616925037374827,1616925040322667,1616925040400544,2947840
142,"void laplacian_kernel<double>(double*, double const*, int, int, int, double, double, double, double) [clone .kd]",2,0,420,4124249,4124249,134217728,256,0,0,20,20,32,64,"0x0","0x7fcdda2618c0",1700252.0625,1039027.0625,1769827,1367988,1616925040422344,1616925041033747,1616925043968307,1616925043970016,2934560
143,"void laplacian_kernel<double>(double*, double const*, int, int, int, double, double, double, double) [clone .kd]",2,0,423,4124249,4124249,134217728,256,0,0,20,20,32,64,"0x0","0x7fcdda2618c0",1697618.9375,1039021,1766845,1370877,1616925044258544,1616925044660307,1616925047608627,1616925047610170,2948320
144,"void laplacian_kernel<double>(double*, double const*, int, int, int, double, double, double, double) [clone .kd]",2,0,426,4124249,4124249,134217728,256,0,0,20,20,32,64,"0x0","0x7fcdda2618c0",1693879.5,1039016.0625,1764846,1372963,1616925047889129,1616925048298547,1616925051246547,1616925051325273,2948000
145,"void laplacian_kernel<double>(double*, double const*, int, int, int, double, double, double, double) [clone .kd]",2,0,429,4124249,4124249,134217728,256,0,0,20,20,32,64,"0x0","0x7fcdda2618c0",1701194.125,1039022.6875,1770513,1367265,1616925051349368,1616925051974147,1616925054929507,1616925055009689,2955360
146,"void laplacian_kernel<double>(double*, double const*, int, int, int, double, double, double, double) [clone .kd]",2,0,432,4124249,4124249,134217728,256,0,0,20,20,32,64,"0x0","0x7fcdda2618c0",1698143.3125,1039025.6875,1765803,1372029,1616925055032562,1616925055636867,1616925058588226,1616925058676673,2951359
147,"void laplacian_kernel<double>(double*, double const*, int, int, int, double, double, double, double) [clone .kd]",2,0,435,4124249,4124249,134217728,256,0,0,20,20,32,64,"0x0","0x7fcdda2618c0",1698556.75,1039026.9375,1764359,1373434,1616925058701750,1616925059304784,1616925062250383,1616925062331103,2945599
148,"void laplacian_kernel<double>(double*, double const*, int, int, int, double, double, double, double) [clone .kd]",2,0,438,4124249,4124249,134217728,256,0,0,20,20,32,64,"0x0","0x7fcdda2618c0",1702916.625,1039012,1761562,1376219,1616925062350930,1616925062976983,1616925065923861,1616925066003297,2946878
149,"void laplacian_kernel<double>(double*, double const*, int, int, int, double, double, double, double) [clone .kd]",2,0,441,4124249,4124249,134217728,256,0,0,20,20,32,64,"0x0","0x7fcdda2618c0",1702303.625,1039011.75,1767106,1370699,1616925066023354,1616925066636861,1616925069571580,1616925069651456,2934719
150,"void laplacian_kernel<double>(double*, double const*, int, int, int, double, double, double, double) [clone .kd]",2,0,444,4124249,4124249,134217728,256,0,0,20,20,32,64,"0x0","0x7fcdda2618c0",1699398.375,1039031.9375,1767320,1370497,1616925069673637,1616925070293659,1616925073239578,1616925073320774,2945919
151,"void laplacian_kernel<double>(double*, double const*, int, int, int, double, double, double, double) [clone .kd]",2,0,447,4124249,4124249,134217728,256,0,0,20,20,32,64,"0x0","0x7fcdda2618c0",1700238.5,1039021,1761783,1376027,1616925073343486,1616925073948578,1616925076889377,1616925076970946,2940799
152,"void laplacian_kernel<double>(double*, double const*, int, int, int, double, double, double, double) [clone .kd]",2,0,450,4124249,4124249,134217728,256,0,0,20,20,32,64,"0x0","0x7fcdda2618c0",1696448.5625,1039039.4375,1769077,1368738,1616925076992897,1616925077591096,1616925080535735,1616925080616510,2944639
153,"void laplacian_kernel<double>(double*, double const*, int, int, int, double, double, double, double) [clone .kd]",2,0,453,4124249,4124249,134217728,256,0,0,20,20,32,64,"0x0","0x7fcdda2618c0",1700748.0625,1039024.875,1771144,1366571,1616925080637349,1616925081246095,1616925084198733,1616925084277803,2952638
154,"void laplacian_kernel<double>(double*, double const*, int, int, int, double, double, double, double) [clone .kd]",2,0,456,4124249,4124249,134217728,256,0,0,20,20,32,64,"0x0","0x7fcdda2618c0",1700568,1039036.0625,1768799,1369037,1616925084299845,1616925084909013,1616925087851732,1616925087929879,2942719
155,"void laplacian_kernel<double>(double*, double const*, int, int, int, double, double, double, double) [clone .kd]",2,0,459,4124249,4124249,134217728,256,0,0,20,20,32,64,"0x0","0x7fcdda2618c0",1702760.25,1038989.3125,1767553,1370230,1616925087952211,1616925088572572,1616925091529370,1616925091608545,2956798
156,"void laplacian_kernel<double>(double*, double const*, int, int, int, double, double, double, double) [clone .kd]",2,0,462,4124249,4124249,134217728,256,0,0,20,20,32,64,"0x0","0x7fcdda2618c0",1696867.75,1039021.1875,1765139,1372648,1616925091631929,1616925092243690,1616925095184649,1616925095264037,2940959
157,"void laplacian_kernel<double>(double*, double const*, int, int, int, double, double, double, double) [clone .kd]",2,0,465,4124249,4124249,134217728,256,0,0,20,20,32,64,"0x0","0x7fcdda2618c0",1699999.125,1039030.875,1770122,1367706,1616925095285998,1616925095919048,1616925098853127,1616925098932704,2934079
158,"void laplacian_kernel<double>(double*, double const*, int, int, int, double, double, double, double) [clone .kd]",2,0,468,4124249,4124249,134217728,256,0,0,20,20,32,64,"0x0","0x7fcdda2618c0",1697145.5,1039019.9375,1766549,1371279,1616925098952992,1616925099557287,1616925102509125,1616925102589469,2951838
159,"void laplacian_kernel<double>(double*, double const*, int, int, int, double, double, double, double) [clone .kd]",2,0,471,4124249,4124249,134217728,256,0,0,20,20,32,64,"0x0","0x7fcdda2618c0",1699740.9375,1039051.5,1765006,1372749,1616925102611270,1616925103218765,1616925106161484,1616925106242897,2942719
160,"void laplacian_kernel<double>(double*, double const*, int, int, int, double, double, double, double) [clone .kd]",2,0,474,4124249,4124249,134217728,256,0,0,20,20,32,64,"0x0","0x7fcdda2618c0",1703639.4375,1039010.25,1767134,1370655,1616925106265860,1616925106858924,1616925109797322,1616925109877621,2938398
161,"void laplacian_kernel<double>(double*, double const*, int, int, int, double, double, double, double) [clone .kd]",2,0,477,4124249,4124249,134217728,256,0,0,20,20,32,64,"0x0","0x7fcdda2618c0",1698482.75,1039019.1875,1762753,1375000,1616925109899863,1616925110513402,1616925113456601,1616925113536019,2943199
162,"void laplacian_kernel<double>(double*, double const*, int, int, int, double, double, double, double) [clone .kd]",2,0,480,4124249,4124249,134217728,256,0,0,20,20,32,64,"0x0","0x7fcdda2618c0",1697302.625,1039017.25,1767131,1370648,1616925113559333,1616925114170800,1616925117120239,1616925117122613,2949439
163,"void laplacian_kernel<double>(double*, double const*, int, int, int, double, double, double, double) [clone .kd]",2,0,483,4124249,4124249,134217728,256,0,0,20,20,32,64,"0x0","0x7fcdda2618c0",1693952.8125,1039009.125,1764564,1373184,1616925117424496,1616925117843119,1616925120784078,1616925120786371,2940959
164,"void laplacian_kernel<double>(double*, double const*, int, int, int, double, double, double, double) [clone .kd]",2,0,486,4124249,4124249,134217728,256,0,0,20,20,32,64,"0x0","0x7fcdda2618c0",1702531.25,1039030.875,1765591,1372182,1616925121071001,1616925121494948,1616925124451588,1616925124540848,2956640
165,"void laplacian_kernel<double>(double*, double const*, int, int, int, double, double, double, double) [clone .kd]",2,0,489,4124249,4124249,134217728,256,0,0,20,20,32,64,"0x0","0x7fcdda2618c0",1698885.125,1039017.75,1764279,1373495,1616925124565313,1616925125175946,1616925128125546,1616925128202953,2949600
166,"void laplacian_kernel<double>(double*, double const*, int, int, int, double, double, double, double) [clone .kd]",2,0,492,4124249,4124249,134217728,256,0,0,20,20,32,64,"0x0","0x7fcdda2618c0",1703248.5625,1039021.5625,1768899,1368865,1616925128225936,1616925128838826,1616925131789706,1616925131868003,2950880
167,"void laplacian_kernel<double>(double*, double const*, int, int, int, double, double, double, double) [clone .kd]",2,0,495,4124249,4124249,134217728,256,0,0,20,20,32,64,"0x0","0x7fcdda2618c0",1705981.125,1039041,1764925,1372824,1616925131888761,1616925132521226,1616925135475626,1616925135554773,2954400
168,"void laplacian_kernel<double>(double*, double const*, int, int, int, double, double, double, double) [clone .kd]",2,0,498,4124249,4124249,134217728,256,0,0,20,20,32,64,"0x0","0x7fcdda2618c0",1697264.9375,1039004.3125,1768543,1369229,1616925135576373,1616925136197225,1616925139149225,1616925139229211,2952000
169,"void laplacian_kernel<double>(double*, double const*, int, int, int, double, double, double, double) [clone .kd]",2,0,501,4124249,4124249,134217728,256,0,0,20,20,32,64,"0x0","0x7fcdda2618c0",1705244.625,1039022.5625,1768369,1369414,1616925139248647,1616925139857145,1616925142802105,1616925142882409,2944960
170,"void laplacian_kernel<double>(double*, double const*, int, int, int, double, double, double, double) [clone .kd]",2,0,504,4124249,4124249,134217728,256,0,0,20,20,32,64,"0x0","0x7fcdda2618c0",1699847.9375,1039021.625,1767935,1369853,1616925142904109,1616925143515225,1616925146461785,1616925146540546,2946560
171,"void laplacian_kernel<double>(double*, double const*, int, int, int, double, double, double, double) [clone .kd]",2,0,507,4124249,4124249,134217728,256,0,0,20,20,32,64,"0x0","0x7fcdda2618c0",1705797.25,1039035.1875,1765054,1372707,1616925146563700,1616925147174025,1616925150119784,1616925150199375,2945759
172,"void laplacian_kernel<double>(double*, double const*, int, int, int, double, double, double, double) [clone .kd]",2,0,510,4124249,4124249,134217728,256,0,0,20,20,32,64,"0x0","0x7fcdda2618c0",1698123,1039032.125,1766651,1371112,1616925150221937,1616925150830904,1616925153763544,1616925153843716,2932640
173,"void laplacian_kernel<double>(double*, double const*, int, int, int, double, double, double, double) [clone .kd]",2,0,513,4124249,4124249,134217728,256,0,0,20,20,32,64,"0x0","0x7fcdda2618c0",1697441,1038999.5,1764334,1373420,1616925153863323,1616925154478144,1616925157426144,1616925157427956,2948000
174,"void laplacian_kernel<double>(double*, double const*, int, int, int, double, double, double, double) [clone .kd]",2,0,516,4124249,4124249,134217728,256,0,0,20,20,32,64,"0x0","0x7fcdda2618c0",1703043.625,1039016.6875,1765949,1371885,1616925157735158,1616925158139104,1616925161092703,1616925161173306,2953599
175,"void laplacian_kernel<double>(double*, double const*, int, int, int, double, double, double, double) [clone .kd]",2,0,519,4124249,4124249,134217728,256,0,0,20,20,32,64,"0x0","0x7fcdda2618c0",1696066.3125,1039013.3125,1767712,1370088,1616925161198693,1616925161813303,1616925164756983,1616925164834990,2943680
176,"void laplacian_kernel<double>(double*, double const*, int, int, int, double, double, double, double) [clone .kd]",2,0,522,4124249,4124249,134217728,256,0,0,20,20,32,64,"0x0","0x7fcdda2618c0",1696970.1875,1039023.3125,1761557,1376282,1616925164860838,1616925165466183,1616925168409063,1616925168488108,2942880
177,"void laplacian_kernel<double>(double*, double const*, int, int, int, double, double, double, double) [clone .kd]",2,0,525,4124249,4124249,134217728,256,0,0,20,20,32,64,"0x0","0x7fcdda2618c0",1702573.125,1039014.375,1768857,1368911,1616925168517383,1616925169130703,1616925172083662,1616925172161373,2952959
178,"void laplacian_kernel<double>(double*, double const*, int, int, int, double, double, double, double) [clone .kd]",2,0,528,4124249,4124249,134217728,256,0,0,20,20,32,64,"0x0","0x7fcdda2618c0",1703657.75,1039014.4375,1765929,1371851,1616925172182392,1616925172802342,1616925175742502,1616925175819771,2940160
179,"void laplacian_kernel<double>(double*, double const*, int, int, int, double, double, double, double) [clone .kd]",2,0,531,4124249,4124249,134217728,256,0,0,20,20,32,64,"0x0","0x7fcdda2618c0",1700842.625,1039020.59375,1767710,1370081,1616925175840460,1616925176459382,1616925179414422,1616925179494179,2955040
180,"void laplacian_kernel<double>(double*, double const*, int, int, int, double, double, double, double) [clone .kd]",2,0,534,4124249,4124249,134217728,256,0,0,20,20,32,64,"0x0","0x7fcdda2618c0",1703950.875,1038997.25,1765854,1371893,1616925179516821,1616925180125542,1616925183062181,1616925183141726,2936639
181,"void laplacian_kernel<double>(double*, double const*, int, int, int, double, double, double, double) [clone .kd]",2,0,537,4124249,4124249,134217728,256,0,0,20,20,32,64,"0x0","0x7fcdda2618c0",1706056,1039027.75,1767409,1370353,1616925183164539,1616925183782141,1616925186727421,1616925186806596,2945280
182,"void laplacian_kernel<double>(double*, double const*, int, int, int, double, double, double, double) [clone .kd]",2,0,540,4124249,4124249,134217728,256,0,0,20,20,32,64,"0x0","0x7fcdda2618c0",1702957.6875,1039027,1768072,1369693,1616925186836492,1616925187466354,1616925190417233,1616925190506231,2950879
183,"void laplacian_kernel<double>(double*, double const*, int, int, int, double, double, double, double) [clone .kd]",2,0,543,4124249,4124249,134217728,256,0,0,20,20,32,64,"0x0","0x7fcdda2618c0",1696579.1875,1039006.8125,1771592,1366178,1616925190527040,1616925191145391,1616925194094350,1616925194173525,2948959
184,"void laplacian_kernel<double>(double*, double const*, int, int, int, double, double, double, double) [clone .kd]",2,0,546,4124249,4124249,134217728,256,0,0,20,20,32,64,"0x0","0x7fcdda2618c0",1699454.3125,1039041.4375,1761641,1376117,1616925194195366,1616925194809510,1616925197752708,1616925197833616,2943198
185,"void laplacian_kernel<double>(double*, double const*, int, int, int, double, double, double, double) [clone .kd]",2,0,549,4124249,4124249,134217728,256,0,0,20,20,32,64,"0x0","0x7fcdda2618c0",1696296.0625,1039017.6875,1769961,1367816,1616925197857140,1616925198462908,1616925201405467,1616925201484811,2942559
186,"void laplacian_kernel<double>(double*, double const*, int, int, int, double, double, double, double) [clone .kd]",2,0,552,4124249,4124249,134217728,256,0,0,20,20,32,64,"0x0","0x7fcdda2618c0",1699161.625,1039019.125,1764830,1372920,1616925201523743,1616925202110186,1616925205056745,1616925205136386,2946559
187,"void laplacian_kernel<double>(double*, double const*, int, int, int, double, double, double, double) [clone .kd]",2,0,555,4124249,4124249,134217728,256,0,0,20,20,32,64,"0x0","0x7fcdda2618c0",1704553.8125,1039029.375,1768468,1369320,1616925205166352,1616925205774985,1616925208722343,1616925208801967,2947358
188,"void laplacian_kernel<double>(double*, double const*, int, int, int, double, double, double, double) [clone .kd]",2,0,558,4124249,4124249,134217728,256,0,0,20,20,32,64,"0x0","0x7fcdda2618c0",1700317.375,1038998.625,1768125,1369696,1616925208822836,1616925209428183,1616925212371862,1616925212451217,2943679
189,"void laplacian_kernel<double>(double*, double const*, int, int, int, double, double, double, double) [clone .kd]",2,0,561,4124249,4124249,134217728,256,0,0,20,20,32,64,"0x0","0x7fcdda2618c0",1699737.8125,1039027.1875,1767645,1370193,1616925212471866,1616925213080981,1616925216024820,1616925216026901,2943839
190,"void laplacian_kernel<double>(double*, double const*, int, int, int, double, double, double, double) [clone .kd]",2,0,564,4124249,4124249,134217728,256,0,0,20,20,32,64,"0x0","0x7fcdda2618c0",1699932.75,1039034.6875,1766070,1371697,1616925216328934,1616925216741460,1616925219675378,1616925219753466,2933918
191,"void laplacian_kernel<double>(double*, double const*, int, int, int, double, double, double, double) [clone .kd]",2,0,567,4124249,4124249,134217728,256,0,0,20,20,32,64,"0x0","0x7fcdda2618c0",1705438.5,1039025.8125,1766800,1370967,1616925219774906,1616925220380098,1616925223330337,1616925223410982,2950239
192,"void laplacian_kernel<double>(double*, double const*, int, int, int, double, double, double, double) [clone .kd]",2,0,570,4124249,4124249,134217728,256,0,0,20,20,32,64,"0x0","0x7fcdda2618c0",1703469.25,1039030.4375,1760237,1377547,1616925223439405,1616925224057056,1616925227003935,1616925227083126,2946879
193,"void laplacian_kernel<double>(double*, double const*, int, int, int, double, double, double, double) [clone .kd]",2,0,573,4124249,4124249,134217728,256,0,0,20,20,32,64,"0x0","0x7fcdda2618c0",1699824.875,1039014.6875,1767891,1369946,1616925227103614,1616925227723935,1616925230680893,1616925230762122,2956958
194,"void laplacian_kernel<double>(double*, double const*, int, int, int, double, double, double, double) [clone .kd]",2,0,576,4124249,4124249,134217728,256,0,0,20,20,32,64,"0x0","0x7fcdda2618c0",1694621.875,1039037.1875,1767320,1370465,1616925230782680,1616925231390173,1616925234333212,1616925234412895,2943039
195,"void laplacian_kernel<double>(double*, double const*, int, int, int, double, double, double, double) [clone .kd]",2,0,579,4124249,4124249,134217728,256,0,0,20,20,32,64,"0x0","0x7fcdda2618c0",1698489.75,1039010.5,1763069,1374758,1616925234435007,1616925235039971,1616925237973570,1616925238053079,2933599
196,"void laplacian_kernel<double>(double*, double const*, int, int, int, double, double, double, double) [clone .kd]",2,0,582,4124249,4124249,134217728,256,0,0,20,20,32,64,"0x0","0x7fcdda2618c0",1696180.6875,1039005.375,1763706,1374053,1616925238076152,1616925238673810,1616925241628208,1616925241707570,2954398
197,"void laplacian_kernel<double>(double*, double const*, int, int, int, double, double, double, double) [clone .kd]",2,0,585,4124249,4124249,134217728,256,0,0,20,20,32,64,"0x0","0x7fcdda2618c0",1699002,1039001.125,1764975,1372843,1616925241734951,1616925242338208,1616925245283007,1616925245362702,2944799
198,"void laplacian_kernel<double>(double*, double const*, int, int, int, double, double, double, double) [clone .kd]",2,0,588,4124249,4124249,134217728,256,0,0,20,20,32,64,"0x0","0x7fcdda2618c0",1700531.375,1039034.375,1764379,1373435,1616925245382559,1616925245992486,1616925248927365,1616925249006332,2934879
199,"void laplacian_kernel<double>(double*, double const*, int, int, int, double, double, double, double) [clone .kd]",2,0,591,4124249,4124249,134217728,256,0,0,20,20,32,64,"0x0","0x7fcdda2618c0",1703061.8125,1039033.8125,1769498,1368280,1616925249026539,1616925249657965,1616925252618444,1616925252698142,2960479
200,"void laplacian_kernel<double>(double*, double const*, int, int, int, double, double, double, double) [clone .kd]",2,0,594,4124249,4124249,134217728,256,0,0,20,20,32,64,"0x0","0x7fcdda2618c0",1695127.375,1039029.5625,1769006,1368803,1616925252720053,1616925253352992,1616925256297791,1616925256396524,2944799
201,"void laplacian_kernel<double>(double*, double const*, int, int, int, double, double, double, double) [clone .kd]",2,0,597,4124249,4124249,134217728,256,0,0,20,20,32,64,"0x0","0x7fcdda2618c0",1699778.125,1039020.3125,1766618,1371243,1616925256417944,1616925257028749,1616925259965388,1616925259967489,2936639
202,"void laplacian_kernel<double>(double*, double const*, int, int, int, double, double, double, double) [clone .kd]",2,0,600,4124249,4124249,134217728,256,0,0,20,20,32,64,"0x0","0x7fcdda2618c0",1698657.1875,1039025.125,1768260,1369504,1616925260265985,1616925260690188,1616925263627146,1616925263629073,2936958
203,"void laplacian_kernel<double>(double*, double const*, int, int, int, double, double, double, double) [clone .kd]",2,0,603,4124249,4124249,134217728,256,0,0,20,20,32,64,"0x0","0x7fcdda2618c0",1700677.0625,1039021.875,1769883,1367916,1616925263916749,1616925264336266,1616925267283305,1616925267360657,2947039
204,"void laplacian_kernel<double>(double*, double const*, int, int, int, double, double, double, double) [clone .kd]",2,0,606,4124249,4124249,134217728,256,0,0,20,20,32,64,"0x0","0x7fcdda2618c0",1700529,1038997.4375,1764283,1373567,1616925267383349,1616925267979865,1616925270938103,1616925271018884,2958238
205,"void laplacian_kernel<double>(double*, double const*, int, int, int, double, double, double, double) [clone .kd]",2,0,609,4124249,4124249,134217728,256,0,0,20,20,32,64,"0x0","0x7fcdda2618c0",1701812,1039027.3125,1768568,1369276,1616925271041457,1616925271662023,1616925274604582,1616925274683764,2942559
206,"void laplacian_kernel<double>(double*, double const*, int, int, int, double, double, double, double) [clone .kd]",2,0,612,4124249,4124249,134217728,256,0,0,20,20,32,64,"0x0","0x7fcdda2618c0",1699737.5,1038994,1766823,1370981,1616925274706917,1616925275310861,1616925278253900,1616925278334708,2943039
207,"void laplacian_kernel<double>(double*, double const*, int, int, int, double, double, double, double) [clone .kd]",2,0,615,4124249,4124249,134217728,256,0,0,20,20,32,64,"0x0","0x7fcdda2618c0",1698926.3125,1039024,1766105,1371639,1616925278355126,1616925278994100,1616925281929299,1616925281931651,2935199
208,"void laplacian_kernel<double>(double*, double const*, int, int, int, double, double, double, double) [clone .kd]",2,0,618,4124249,4124249,134217728,256,0,0,20,20,32,64,"0x0","0x7fcdda2618c0",1697306.375,1039039.4375,1766782,1371054,1616925282222333,1616925282640658,1616925285586737,1616925285666502,2946079
209,"void laplacian_kernel<double>(double*, double const*, int, int, int, double, double, double, double) [clone .kd]",2,0,621,4124249,4124249,134217728,256,0,0,20,20,32,64,"0x0","0x7fcdda2618c0",1695447.125,1039034.5,1771606,1366142,1616925285688933,1616925286288977,1616925289232176,1616925289311494,2943199
210,"void laplacian_kernel<double>(double*, double const*, int, int, int, double, double, double, double) [clone .kd]",2,0,624,4124249,4124249,134217728,256,0,0,20,20,32,64,"0x0","0x7fcdda2618c0",1699353.75,1039001.75,1767536,1370221,1616925289334898,1616925289939335,1616925292873574,1616925292952750,2934239
211,"void laplacian_kernel<double>(double*, double const*, int, int, int, double, double, double, double) [clone .kd]",2,0,627,4124249,4124249,134217728,256,0,0,20,20,32,64,"0x0","0x7fcdda2618c0",1698869.25,1038996.625,1767946,1369787,1616925292975252,1616925293579854,1616925296537452,1616925296618422,2957598
212,"void laplacian_kernel<double>(double*, double const*, int, int, int, double, double, double, double) [clone .kd]",2,0,630,4124249,4124249,134217728,256,0,0,20,20,32,64,"0x0","0x7fcdda2618c0",1700882.1875,1039019,1764349,1373459,1616925296637758,1616925297242092,1616925300195051,1616925300273193,2952959
213,"void laplacian_kernel<double>(double*, double const*, int, int, int, double, double, double, double) [clone .kd]",2,0,633,4124249,4124249,134217728,256,0,0,20,20,32,64,"0x0","0x7fcdda2618c0",1703878.875,1039030.3125,1767311,1370480,1616925300294222,1616925300909131,1616925303855049,1616925303932993,2945918
214,"void laplacian_kernel<double>(double*, double const*, int, int, int, double, double, double, double) [clone .kd]",2,0,636,4124249,4124249,134217728,256,0,0,20,20,32,64,"0x0","0x7fcdda2618c0",1696375.3125,1039010,1765274,1372481,1616925303955996,1616925304576729,1616925307521688,1616925307600868,2944959
215,"void laplacian_kernel<double>(double*, double const*, int, int, int, double, double, double, double) [clone .kd]",2,0,639,4124249,4124249,134217728,256,0,0,20,20,32,64,"0x0","0x7fcdda2618c0",1693564.0625,1039027.5,1764900,1372880,1616925307622479,1616925308236968,1616925311180166,1616925311260409,2943198
216,"void laplacian_kernel<double>(double*, double const*, int, int, int, double, double, double, double) [clone .kd]",2,0,642,4124249,4124249,134217728,256,0,0,20,20,32,64,"0x0","0x7fcdda2618c0",1702504.375,1039059.75,1767927,1369851,1616925311281678,1616925311892566,1616925314829845,1616925314909880,2937279
217,"void laplacian_kernel<double>(double*, double const*, int, int, int, double, double, double, double) [clone .kd]",2,0,645,4124249,4124249,134217728,256,0,0,20,20,32,64,"0x0","0x7fcdda2618c0",1694589.0625,1039018,1766295,1371501,1616925314930458,1616925315550684,1616925318496443,1616925318576573,2945759
218,"void laplacian_kernel<double>(double*, double const*, int, int, int, double, double, double, double) [clone .kd]",2,0,648,4124249,4124249,134217728,256,0,0,20,20,32,64,"0x0","0x7fcdda2618c0",1699395.9375,1039025.6875,1765625,1372160,1616925318597011,1616925319217445,1616925322163685,1616925322251612,2946240
219,"void laplacian_kernel<double>(double*, double const*, int, int, int, double, double, double, double) [clone .kd]",2,0,651,4124249,4124249,134217728,256,0,0,20,20,32,64,"0x0","0x7fcdda2618c0",1700455.75,1039050.25,1764656,1373167,1616925322279384,1616925322878603,1616925325817803,1616925325895753,2939200
220,"void laplacian_kernel<double>(double*, double const*, int, int, int, double, double, double, double) [clone .kd]",2,0,654,4124249,4124249,134217728,256,0,0,20,20,32,64,"0x0","0x7fcdda2618c0",1698768.9375,1038999.125,1766134,1371647,1616925325918696,1616925326522643,1616925329470802,1616925329472709,2948159
221,"void laplacian_kernel<double>(double*, double const*, int, int, int, double, double, double, double) [clone .kd]",2,0,657,4124249,4124249,134217728,256,0,0,20,20,32,64,"0x0","0x7fcdda2618c0",1700143.375,1039038.5,1766973,1370821,1616925329771416,1616925330190322,1616925333142961,1616925333223789,2952639
222,"void laplacian_kernel<double>(double*, double const*, int, int, int, double, double, double, double) [clone .kd]",2,0,660,4124249,4124249,134217728,256,0,0,20,20,32,64,"0x0","0x7fcdda2618c0",1701802.875,1039025,1767905,1370001,1616925333245690,1616925333853681,1616925336797841,1616925336876877,2944160
223,"void laplacian_kernel<double>(double*, double const*, int, int, int, double, double, double, double) [clone .kd]",2,0,663,4124249,4124249,134217728,256,0,0,20,20,32,64,"0x0","0x7fcdda2618c0",1699826.625,1039010.0625,1762667,1375160,1616925336897526,1616925337516200,1616925340459880,1616925340540425,2943680
224,"void laplacian_kernel<double>(double*, double const*, int, int, int, double, double, double, double) [clone .kd]",2,0,666,4124249,4124249,134217728,256,0,0,20,20,32,64,"0x0","0x7fcdda2618c0",1697126.75,1039035.0625,1765259,1372493,1616925340563318,1616925341185840,1616925344130479,1616925344208521,2944639
225,"void laplacian_kernel<double>(double*, double const*, int, int, int, double, double, double, double) [clone .kd]",2,0,669,4124249,4124249,134217728,256,0,0,20,20,32,64,"0x0","0x7fcdda2618c0",1703016.4375,1039014.6875,1765069,1372682,1616925344233327,1616925344848639,1616925347795518,1616925347874012,2946879
226,"void laplacian_kernel<double>(double*, double const*, int, int, int, double, double, double, double) [clone .kd]",2,0,672,4124249,4124249,134217728,256,0,0,20,20,32,64,"0x0","0x7fcdda2618c0",1699635.1875,1039009,1766666,1371090,1616925347896494,1616925348524718,1616925351470318,1616925351549291,2945600
227,"void laplacian_kernel<double>(double*, double const*, int, int, int, double, double, double, double) [clone .kd]",2,0,675,4124249,4124249,134217728,256,0,0,20,20,32,64,"0x0","0x7fcdda2618c0",1702839.1875,1039044,1770409,1367395,1616925351570551,1616925352192477,1616925355145597,1616925355224530,2953120
228,"void laplacian_kernel<double>(double*, double const*, int, int, int, double, double, double, double) [clone .kd]",2,0,678,4124249,4124249,134217728,256,0,0,20,20,32,64,"0x0","0x7fcdda2618c0",1700906.75,1039007.1875,1765897,1371888,1616925355244116,1616925355864597,1616925358813876,1616925358893157,2949279
229,"void laplacian_kernel<double>(double*, double const*, int, int, int, double, double, double, double) [clone .kd]",2,0,681,4124249,4124249,134217728,256,0,0,20,20,32,64,"0x0","0x7fcdda2618c0",1698163.5625,1039026.125,1767996,1369789,1616925358922722,1616925359531076,1616925362476835,1616925362555863,2945759
230,"void laplacian_kernel<double>(double*, double const*, int, int, int, double, double, double, double) [clone .kd]",2,0,684,4124249,4124249,134217728,256,0,0,20,20,32,64,"0x0","0x7fcdda2618c0",1698852.75,1039037.34375,1764723,1373035,1616925362579036,1616925363190555,1616925366132155,1616925366213098,2941600
231,"void laplacian_kernel<double>(double*, double const*, int, int, int, double, double, double, double) [clone .kd]",2,0,687,4124249,4124249,134217728,256,0,0,20,20,32,64,"0x0","0x7fcdda2618c0",1698102.5,1039009.875,1766687,1371126,1616925366235009,1616925366830395,1616925369766714,1616925369847502,2936319
232,"void laplacian_kernel<double>(double*, double const*, int, int, int, double, double, double, double) [clone .kd]",2,0,690,4124249,4124249,134217728,256,0,0,20,20,32,64,"0x0","0x7fcdda2618c0",1700618.5625,1039023.6875,1770832,1366915,1616925369867409,1616925370470834,1616925373427953,1616925373506971,2957119
233,"void laplacian_kernel<double>(double*, double const*, int, int, int, double, double, double, double) [clone .kd]",2,0,693,4124249,4124249,134217728,256,0,0,20,20,32,64,"0x0","0x7fcdda2618c0",1700886.25,1039018.75,1768620,1369258,1616925373526939,1616925374154673,1616925377099312,1616925377178343,2944639
234,"void laplacian_kernel<double>(double*, double const*, int, int, int, double, double, double, double) [clone .kd]",2,0,696,4124249,4124249,134217728,256,0,0,20,20,32,64,"0x0","0x7fcdda2618c0",1700124.625,1039035.25,1768074,1369676,1616925377200224,1616925377794752,1616925380742432,1616925380822214,2947680
235,"void laplacian_kernel<double>(double*, double const*, int, int, int, double, double, double, double) [clone .kd]",2,0,699,4124249,4124249,134217728,256,0,0,20,20,32,64,"0x0","0x7fcdda2618c0",1705275.75,1038972.1875,1768685,1369080,1616925380844796,1616925381449032,1616925384403591,1616925384483307,2954559
236,"void laplacian_kernel<double>(double*, double const*, int, int, int, double, double, double, double) [clone .kd]",2,0,702,4124249,4124249,134217728,256,0,0,20,20,32,64,"0x0","0x7fcdda2618c0",1699444.3125,1039019.625,1765659,1372096,1616925384504256,1616925385136058,1616925388074457,1616925388162584,2938399
237,"void laplacian_kernel<double>(double*, double const*, int, int, int, double, double, double, double) [clone .kd]",2,0,705,4124249,4124249,134217728,256,0,0,20,20,32,64,"0x0","0x7fcdda2618c0",1697631.75,1039037.8125,1766976,1370853,1616925388184074,1616925388792495,1616925391735534,1616925391814800,2943039
238,"void laplacian_kernel<double>(double*, double const*, int, int, int, double, double, double, double) [clone .kd]",2,0,708,4124249,4124249,134217728,256,0,0,20,20,32,64,"0x0","0x7fcdda2618c0",1698752.875,1039014.1875,1767603,1370134,1616925391835148,1616925392447533,1616925395388172,1616925395467597,2940639
239,"void laplacian_kernel<double>(double*, double const*, int, int, int, double, double, double, double) [clone .kd]",2,0,711,4124249,4124249,134217728,256,0,0,20,20,32,64,"0x0","0x7fcdda2618c0",1712151.0625,1039011.5,1769234,1368556,1616925395490350,1616925400843729,1616925403774287,1616925403854918,2930558
240,"void laplacian_kernel<double>(double*, double const*, int, int, int, double, double, double, double) [clone .kd]",2,0,714,4124249,4124249,134217728,256,0,0,20,20,32,64,"0x0","0x7fcdda2618c0",1710307.9375,1038977.25,1767912,1369856,1616925403877751,1616925404495647,1616925407436605,1616925407514838,2940958
241,"void laplacian_kernel<double>(double*, double const*, int, int, int, double, double, double, double) [clone .kd]",2,0,717,4124249,4124249,134217728,256,0,0,20,20,32,64,"0x0","0x7fcdda2618c0",1706600.25,1039018.25,1767839,1369946,1616925407544904,1616925408171405,1616925411105643,1616925411184978,2934238
242,"void laplacian_kernel<double>(double*, double const*, int, int, int, double, double, double, double) [clone .kd]",2,0,720,4124249,4124249,134217728,256,0,0,20,20,32,64,"0x0","0x7fcdda2618c0",1707253.5625,1039033.4375,1765072,1372706,1616925411204384,1616925411818843,1616925414762042,1616925414841192,2943199
243,"void laplacian_kernel<double>(double*, double const*, int, int, int, double, double, double, double) [clone .kd]",2,0,723,4124249,4124249,134217728,256,0,0,20,20,32,64,"0x0","0x7fcdda2618c0",1698522.125,1039008.125,1767046,1370735,1616925414861580,1616925415476441,1616925418429080,1616925418509157,2952639
244,"void laplacian_kernel<double>(double*, double const*, int, int, int, double, double, double, double) [clone .kd]",2,0,726,4124249,4124249,134217728,256,0,0,20,20,32,64,"0x0","0x7fcdda2618c0",1696646.875,1039015.8125,1768032,1369727,1616925418530708,1616925419130439,1616925422083718,1616925422085382,2953279
245,"void laplacian_kernel<double>(double*, double const*, int, int, int, double, double, double, double) [clone .kd]",2,0,729,4124249,4124249,134217728,256,0,0,20,20,32,64,"0x0","0x7fcdda2618c0",1697452.6875,1039028.6875,1766443,1371295,1616925422374411,1616925422794277,1616925425741476,1616925425821214,2947199
246,"void laplacian_kernel<double>(double*, double const*, int, int, int, double, double, double, double) [clone .kd]",2,0,732,4124249,4124249,134217728,256,0,0,20,20,32,64,"0x0","0x7fcdda2618c0",1700405.75,1039004.5625,1763300,1374434,1616925425847403,1616925426459155,1616925429410194,1616925429489240,2951039
247,"void laplacian_kernel<double>(double*, double const*, int, int, int, double, double, double, double) [clone .kd]",2,0,735,4124249,4124249,134217728,256,0,0,20,20,32,64,"0x0","0x7fcdda2618c0",1703060.5625,1039038.6875,1767799,1369989,1616925429513695,1616925430128713,1616925433075912,1616925433077617,2947199
248,"void laplacian_kernel<double>(double*, double const*, int, int, int, double, double, double, double) [clone .kd]",2,0,738,4124249,4124249,134217728,256,0,0,20,20,32,64,"0x0","0x7fcdda2618c0",1700440.5625,1038999.375,1767975,1369845,1616925433366125,1616925433782792,1616925436721670,1616925436800656,2938878
249,"void laplacian_kernel<double>(double*, double const*, int, int, int, double, double, double, double) [clone .kd]",2,0,741,4124249,4124249,134217728,256,0,0,20,20,32,64,"0x0","0x7fcdda2618c0",1697914.5625,1038999.6875,1767689,1370076,1616925436823698,1616925437430430,1616925440385788,1616925440464103,2955358
250,"void laplacian_kernel<double>(double*, double const*, int, int, int, double, double, double, double) [clone .kd]",2,0,744,4124249,4124249,134217728,256,0,0,20,20,32,64,"0x0","0x7fcdda2618c0",1700155.4375,1039018.6875,1766729,1371038,1616925440487376,1616925441106108,1616925444053466,1616925444055556,2947358
251,"void laplacian_kernel<double>(double*, double const*, int, int, int, double, double, double, double) [clone .kd]",2,0,747,4124249,4124249,134217728,256,0,0,20,20,32,64,"0x0","0x7fcdda2618c0",1700973.5,1039019.875,1762558,1375231,1616925444347380,1616925444753946,1616925447712184,1616925447714064,2958238
252,"void laplacian_kernel<double>(double*, double const*, int, int, int, double, double, double, double) [clone .kd]",2,0,750,4124249,4124249,134217728,256,0,0,20,20,32,64,"0x0","0x7fcdda2618c0",1697196.0625,1039038.3125,1761220,1376541,1616925447993164,1616925448398479,1616925451345198,1616925451433576,2946719
253,"void laplacian_kernel<double>(double*, double const*, int, int, int, double, double, double, double) [clone .kd]",2,0,753,4124249,4124249,134217728,256,0,0,20,20,32,64,"0x0","0x7fcdda2618c0",1698133.8125,1039024.4375,1769903,1367830,1616925451455757,1616925452077076,1616925455030035,1616925455110067,2952959
254,"void laplacian_kernel<double>(double*, double const*, int, int, int, double, double, double, double) [clone .kd]",2,0,756,4124249,4124249,134217728,256,0,0,20,20,32,64,"0x0","0x7fcdda2618c0",1698404.1875,1039021.6875,1767583,1370151,1616925455132369,1616925455760074,1616925458709033,1616925458788562,2948959
255,"void laplacian_kernel<double>(double*, double const*, int, int, int, double, double, double, double) [clone .kd]",2,0,759,4124249,4124249,134217728,256,0,0,20,20,32,64,"0x0","0x7fcdda2618c0",1696602.6875,1039024.3125,1764657,1373118,1616925458811505,1616925459410713,1616925462356471,1616925462435458,2945758
256,"void laplacian_kernel<double>(double*, double const*, int, int, int, double, double, double, double) [clone .kd]",2,0,762,4124249,4124249,134217728,256,0,0,20,20,32,64,"0x0","0x7fcdda2618c0",1701659.3125,1039025.625,1768558,1369306,1616925462463481,1616925463056911,1616925466001389,1616925466080381,2944478
257,"void laplacian_kernel<double>(double*, double const*, int, int, int, double, double, double, double) [clone .kd]",2,0,765,4124249,4124249,134217728,256,0,0,20,20,32,64,"0x0","0x7fcdda2618c0",1696691.1875,1039029.8125,1767448,1370323,1616925466100178,1616925466717869,1616925469652908,1616925469732577,2935039
258,"void laplacian_kernel<double>(double*, double const*, int, int, int, double, double, double, double) [clone .kd]",2,0,768,4124249,4124249,134217728,256,0,0,20,20,32,64,"0x0","0x7fcdda2618c0",1701123.8125,1039034.375,1768809,1368975,1616925469753496,1616925470372787,1616925473323826,1616925473405923,2951039
259,"void laplacian_kernel<double>(double*, double const*, int, int, int, double, double, double, double) [clone .kd]",2,0,771,4124249,4124249,134217728,256,0,0,20,20,32,64,"0x0","0x7fcdda2618c0",1702379.625,1039011.5,1768053,1369823,1616925473429046,1616925474038706,1616925476974064,1616925477053180,2935358
260,"void laplacian_kernel<double>(double*, double const*, int, int, int, double, double, double, double) [clone .kd]",2,0,774,4124249,4124249,134217728,256,0,0,20,20,32,64,"0x0","0x7fcdda2618c0",1695422.375,1039038.0625,1769464,1368331,1616925477075662,1616925477676624,1616925480623182,1616925480702240,2946558
261,"void laplacian_kernel<double>(double*, double const*, int, int, int, double, double, double, double) [clone .kd]",2,0,777,4124249,4124249,134217728,256,0,0,20,20,32,64,"0x0","0x7fcdda2618c0",1698542.5625,1039035.625,1738198,1399571,1616925480731114,1616925481330622,1616925484280541,1616925484282463,2949919
262,"void laplacian_kernel<double>(double*, double const*, int, int, int, double, double, double, double) [clone .kd]",2,0,780,4124249,4124249,134217728,256,0,0,20,20,32,64,"0x0","0x7fcdda2618c0",1695687,1039031.75,1757366,1380375,1616925484567724,1616925484978460,1616925487914299,1616925487992557,2935839
263,"void laplacian_kernel<double>(double*, double const*, int, int, int, double, double, double, double) [clone .kd]",2,0,783,4124249,4124249,134217728,256,0,0,20,20,32,64,"0x0","0x7fcdda2618c0",1699718.25,1039020.375,1759378,1378401,1616925488018435,1616925488652139,1616925491598377,1616925491676041,2946238
264,"void laplacian_kernel<double>(double*, double const*, int, int, int, double, double, double, double) [clone .kd]",2,0,786,4124249,4124249,134217728,256,0,0,20,20,32,64,"0x0","0x7fcdda2618c0",1699697,1039022.375,1767558,1370178,1616925491703933,1616925492314897,1616925495260655,1616925495341212,2945758
265,"void laplacian_kernel<double>(double*, double const*, int, int, int, double, double, double, double) [clone .kd]",2,0,789,4124249,4124249,134217728,256,0,0,20,20,32,64,"0x0","0x7fcdda2618c0",1702247.5,1039021.625,1768220,1369664,1616925495372069,1616925495964495,1616925498915054,1616925498995542,2950559
266,"void laplacian_kernel<double>(double*, double const*, int, int, int, double, double, double, double) [clone .kd]",2,0,792,4124249,4124249,134217728,256,0,0,20,20,32,64,"0x0","0x7fcdda2618c0",1694943.75,1039017.375,1768793,1368960,1616925499022983,1616925499632773,1616925502588452,1616925502667946,2955679
267,"void laplacian_kernel<double>(double*, double const*, int, int, int, double, double, double, double) [clone .kd]",2,0,795,4124249,4124249,134217728,256,0,0,20,20,32,64,"0x0","0x7fcdda2618c0",1698271.6875,1039006.75,1765381,1372329,1616925502688254,1616925503311932,1616925506261370,1616925506263086,2949438
268,"void laplacian_kernel<double>(double*, double const*, int, int, int, double, double, double, double) [clone .kd]",2,0,798,4124249,4124249,134217728,256,0,0,20,20,32,64,"0x0","0x7fcdda2618c0",1702682.3125,1039023,1765726,1372072,1616925506557134,1616925506965050,1616925509912728,1616925509992406,2947678
269,"void laplacian_kernel<double>(double*, double const*, int, int, int, double, double, double, double) [clone .kd]",2,0,801,4124249,4124249,134217728,256,0,0,20,20,32,64,"0x0","0x7fcdda2618c0",1696812.125,1039032.6875,1767708,1370072,1616925510014717,1616925510622288,1616925513571727,1616925513651485,2949439
270,"void laplacian_kernel<double>(double*, double const*, int, int, int, double, double, double, double) [clone .kd]",2,0,804,4124249,4124249,134217728,256,0,0,20,20,32,64,"0x0","0x7fcdda2618c0",1699367.9375,1039041.8125,1769419,1368420,1616925513675159,1616925514283484,1616925517236283,1616925517330781,2952799
271,"void laplacian_kernel<double>(double*, double const*, int, int, int, double, double, double, double) [clone .kd]",2,0,807,4124249,4124249,134217728,256,0,0,20,20,32,64,"0x0","0x7fcdda2618c0",1700404.5625,1039023,1765894,1371852,1616925517351590,1616925517965601,1616925520904799,1616925520984691,2939198
272,"void laplacian_kernel<double>(double*, double const*, int, int, int, double, double, double, double) [clone .kd]",2,0,810,4124249,4124249,134217728,256,0,0,20,20,32,64,"0x0","0x7fcdda2618c0",1699688.0625,1039031.25,1765491,1372252,1616925521005871,1616925521643679,1616925524581757,1616925524659519,2938078
273,"void laplacian_kernel<double>(double*, double const*, int, int, int, double, double, double, double) [clone .kd]",2,0,813,4124249,4124249,134217728,256,0,0,20,20,32,64,"0x0","0x7fcdda2618c0",1695982,1039031.5625,1766759,1370978,1616925524682973,1616925525292636,1616925528238235,1616925528315122,2945599
274,"void laplacian_kernel<double>(double*, double const*, int, int, int, double, double, double, double) [clone .kd]",2,0,816,4124249,4124249,134217728,256,0,0,20,20,32,64,"0x0","0x7fcdda2618c0",1697478.8125,1039022.3125,1765502,1372267,1616925528337704,1616925528931914,1616925531869352,1616925531947882,2937438
275,"void laplacian_kernel<double>(double*, double const*, int, int, int, double, double, double, double) [clone .kd]",2,0,819,4124249,4124249,134217728,256,0,0,20,20,32,64,"0x0","0x7fcdda2618c0",1698912.5,1038988.125,1765499,1372356,1616925531970745,1616925532597152,1616925535551550,1616925535630665,2954398
276,"void laplacian_kernel<double>(double*, double const*, int, int, int, double, double, double, double) [clone .kd]",2,0,822,4124249,4124249,134217728,256,0,0,20,20,32,64,"0x0","0x7fcdda2618c0",1700794.5625,1039019.8125,1760695,1377120,1616925535651153,1616925536279789,1616925539224427,1616925539303470,2944638
277,"void laplacian_kernel<double>(double*, double const*, int, int, int, double, double, double, double) [clone .kd]",2,0,825,4124249,4124249,134217728,256,0,0,20,20,32,64,"0x0","0x7fcdda2618c0",1699007.6875,1039006.8125,1768429,1369328,1616925539323447,1616925539930987,1616925542885225,1616925542887238,2954238
278,"void laplacian_kernel<double>(double*, double const*, int, int, int, double, double, double, double) [clone .kd]",2,0,828,4124249,4124249,134217728,256,0,0,20,20,32,64,"0x0","0x7fcdda2618c0",1700908.9375,1039001,1767397,1370365,1616925543183841,1616925543937584,1616925546874223,1616925546956342,2936639
279,"void laplacian_kernel<double>(double*, double const*, int, int, int, double, double, double, double) [clone .kd]",2,0,831,4124249,4124249,134217728,256,0,0,20,20,32,64,"0x0","0x7fcdda2618c0",1704811.625,1039023.6875,1763901,1373853,1616925546978072,1616925547597462,1616925550541940,1616925550622133,2944478
280,"void laplacian_kernel<double>(double*, double const*, int, int, int, double, double, double, double) [clone .kd]",2,0,834,4124249,4124249,134217728,256,0,0,20,20,32,64,"0x0","0x7fcdda2618c0",1694974.5625,1039021.375,1767155,1370721,1616925550645627,1616925551245500,1616925554188538,1616925554268498,2943038
281,"void laplacian_kernel<double>(double*, double const*, int, int, int, double, double, double, double) [clone .kd]",2,0,837,4124249,4124249,134217728,256,0,0,20,20,32,64,"0x0","0x7fcdda2618c0",1701575.8125,1038984.5,1766543,1371254,1616925554288476,1616925554890177,1616925557821536,1616925557900798,2931359
282,"void laplacian_kernel<double>(double*, double const*, int, int, int, double, double, double, double) [clone .kd]",2,0,840,4124249,4124249,134217728,256,0,0,20,20,32,64,"0x0","0x7fcdda2618c0",1695374.5625,1039024.375,1764003,1373790,1616925557921787,1616925558531335,1616925561486213,1616925561566509,2954878
283,"void laplacian_kernel<double>(double*, double const*, int, int, int, double, double, double, double) [clone .kd]",2,0,843,4124249,4124249,134217728,256,0,0,20,20,32,64,"0x0","0x7fcdda2618c0",1699923.8125,1039021.4375,1765849,1371941,1616925561589322,1616925562186413,1616925565141131,1616925565220439,2954718
284,"void laplacian_kernel<double>(double*, double const*, int, int, int, double, double, double, double) [clone .kd]",2,0,846,4124249,4124249,134217728,256,0,0,20,20,32,64,"0x0","0x7fcdda2618c0",1696510.5,1039019.125,1766711,1371084,1616925565242349,1616925565864770,1616925568808769,1616925568810549,2943999
285,"void laplacian_kernel<double>(double*, double const*, int, int, int, double, double, double, double) [clone .kd]",2,0,849,4124249,4124249,134217728,256,0,0,20,20,32,64,"0x0","0x7fcdda2618c0",1704098.375,1039037.5625,1766954,1370828,1616925569103215,1616925569514368,1616925572472606,1616925572474718,2958238
286,"void laplacian_kernel<double>(double*, double const*, int, int, int, double, double, double, double) [clone .kd]",2,0,852,4124249,4124249,134217728,256,0,0,20,20,32,64,"0x0","0x7fcdda2618c0",1696847.75,1039017,1768756,1369123,1616925572763967,1616925573172606,1616925576120284,1616925576122296,2947678
287,"void laplacian_kernel<double>(double*, double const*, int, int, int, double, double, double, double) [clone .kd]",2,0,855,4124249,4124249,134217728,256,0,0,20,20,32,64,"0x0","0x7fcdda2618c0",1701322.6875,1039013.8125,1766181,1371575,1616925576410693,1616925576823163,1616925579782042,1616925579859069,2958879
288,"void laplacian_kernel<double>(double*, double const*, int, int, int, double, double, double, double) [clone .kd]",2,0,858,4124249,4124249,134217728,256,0,0,20,20,32,64,"0x0","0x7fcdda2618c0",1708122.9375,1038999.3125,1767139,1370579,1616925579893203,1616925580504590,1616925583456748,1616925583536532,2952158
289,"void laplacian_kernel<double>(double*, double const*, int, int, int, double, double, double, double) [clone .kd]",2,0,861,4124249,4124249,134217728,256,0,0,20,20,32,64,"0x0","0x7fcdda2618c0",1702394.75,1039004.5,1766593,1371170,1616925583557812,1616925584185148,1616925587141466,1616925587221730,2956318
290,"void laplacian_kernel<double>(double*, double const*, int, int, int, double, double, double, double) [clone .kd]",2,0,864,4124249,4124249,134217728,256,0,0,20,20,32,64,"0x0","0x7fcdda2618c0",1707972.0625,1039003.5625,1767823,1369968,1616925587244072,1616925587863425,1616925590801983,1616925590881030,2938558
291,"void laplacian_kernel<double>(double*, double const*, int, int, int, double, double, double, double) [clone .kd]",2,0,867,4124249,4124249,134217728,256,0,0,20,20,32,64,"0x0","0x7fcdda2618c0",1702611.3125,1038994.875,1766382,1371372,1616925590900807,1616925591503823,1616925594456301,1616925594536272,2952478
292,"void laplacian_kernel<double>(double*, double const*, int, int, int, double, double, double, double) [clone .kd]",2,0,870,4124249,4124249,134217728,256,0,0,20,20,32,64,"0x0","0x7fcdda2618c0",1698106.625,1039033.125,1766802,1370974,1616925594554476,1616925595189381,1616925598132899,1616925598212523,2943518
293,"void laplacian_kernel<double>(double*, double const*, int, int, int, double, double, double, double) [clone .kd]",2,0,873,4124249,4124249,134217728,256,0,0,20,20,32,64,"0x0","0x7fcdda2618c0",1701231.25,1039018.3125,1767784,1370001,1616925598233612,1616925598854178,1616925601797056,1616925601876110,2942878
294,"void laplacian_kernel<double>(double*, double const*, int, int, int, double, double, double, double) [clone .kd]",2,0,876,4124249,4124249,134217728,256,0,0,20,20,32,64,"0x0","0x7fcdda2618c0",1698306.5,1039032.875,1767623,1370156,1616925601900075,1616925602506896,1616925605462254,1616925605541531,2955358
295,"void laplacian_kernel<double>(double*, double const*, int, int, int, double, double, double, double) [clone .kd]",2,0,879,4124249,4124249,134217728,256,0,0,20,20,32,64,"0x0","0x7fcdda2618c0",1695143.125,1039047.5625,1768278,1369476,1616925605564023,1616925606168653,1616925609116812,1616925609197855,2948159
296,"void laplacian_kernel<double>(double*, double const*, int, int, int, double, double, double, double) [clone .kd]",2,0,882,4124249,4124249,134217728,256,0,0,20,20,32,64,"0x0","0x7fcdda2618c0",1701988.4375,1039034.9375,1766775,1371133,1616925609217552,1616925609820851,1616925612767569,1616925612769591,2946718
297,"void laplacian_kernel<double>(double*, double const*, int, int, int, double, double, double, double) [clone .kd]",2,0,885,4124249,4124249,134217728,256,0,0,20,20,32,64,"0x0","0x7fcdda2618c0",1702945.125,1038978.625,1768771,1369040,1616925613060674,1616925613474449,1616925616422607,1616925616503911,2948158
298,"void laplacian_kernel<double>(double*, double const*, int, int, int, double, double, double, double) [clone .kd]",2,0,888,4124249,4124249,134217728,256,0,0,20,20,32,64,"0x0","0x7fcdda2618c0",1695651.875,1039022,1762488,1375419,1616925616525281,1616925617135686,1616925620080804,1616925620159824,2945118
299,"void laplacian_kernel<double>(double*, double const*, int, int, int, double, double, double, double) [clone .kd]",2,0,891,4124249,4124249,134217728,256,0,0,20,20,32,64,"0x0","0x7fcdda2618c0",1698881.5,1039014.6875,1767694,1370104,1616925620183097,1616925620790724,1616925623736322,1616925623811940,2945598
300,"void laplacian_kernel<double>(double*, double const*, int, int, int, double, double, double, double) [clone .kd]",2,0,894,4124249,4124249,134217728,256,0,0,20,20,32,64,"0x0","0x7fcdda2618c0",1700057.1875,1039024.6875,1768557,1369255,1616925623835654,1616925624465362,1616925627408560,1616925627487319,2943198
301,"void laplacian_kernel<double>(double*, double const*, int, int, int, double, double, double, double) [clone .kd]",2,0,897,4124249,4124249,134217728,256,0,0,20,20,32,64,"0x0","0x7fcdda2618c0",1696576.5,1038997.5,1768940,1368839,1616925627508439,1616925628141159,1616925631087717,1616925631167007,2946558
302,"void laplacian_kernel<double>(double*, double const*, int, int, int, double, double, double, double) [clone .kd]",2,0,900,4124249,4124249,134217728,256,0,0,20,20,32,64,"0x0","0x7fcdda2618c0",1700618.8125,1038998.875,1769962,1367865,1616925631187986,1616925631798197,1616925634736275,1616925634816718,2938078
303,"void laplacian_kernel<double>(double*, double const*, int, int, int, double, double, double, double) [clone .kd]",2,0,903,4124249,4124249,134217728,256,0,0,20,20,32,64,"0x0","0x7fcdda2618c0",1700540.875,1039006.875,1767561,1370176,1616925634840002,1616925635447914,1616925638395433,1616925638475777,2947519
304,"void laplacian_kernel<double>(double*, double const*, int, int, int, double, double, double, double) [clone .kd]",2,0,906,4124249,4124249,134217728,256,0,0,20,20,32,64,"0x0","0x7fcdda2618c0",1699542.6875,1039034.3125,1764541,1373251,1616925638498700,1616925639114632,1616925642062630,1616925642064365,2947998
305,"void laplacian_kernel<double>(double*, double const*, int, int, int, double, double, double, double) [clone .kd]",2,0,909,4124249,4124249,134217728,256,0,0,20,20,32,64,"0x0","0x7fcdda2618c0",1705606.6875,1038994.3125,1767121,1370677,1616925642362841,1616925642779789,1616925645721868,1616925645809324,2942079
306,"void laplacian_kernel<double>(double*, double const*, int, int, int, double, double, double, double) [clone .kd]",2,0,912,4124249,4124249,134217728,256,0,0,20,20,32,64,"0x0","0x7fcdda2618c0",1698649.0625,1039003.4375,1767635,1370108,1616925645830844,1616925646441466,1616925649390265,1616925649470026,2948799
307,"void laplacian_kernel<double>(double*, double const*, int, int, int, double, double, double, double) [clone .kd]",2,0,915,4124249,4124249,134217728,256,0,0,20,20,32,64,"0x0","0x7fcdda2618c0",1703449.75,1039016.375,1767622,1370252,1616925649489192,1616925650115705,1616925653064184,1616925653142972,2948479
308,"void laplacian_kernel<double>(double*, double const*, int, int, int, double, double, double, double) [clone .kd]",2,0,918,4124249,4124249,134217728,256,0,0,20,20,32,64,"0x0","0x7fcdda2618c0",1708152.0625,1039039.4375,1766829,1370979,1616925653165323,1616925653775143,1616925656720582,1616925656800297,2945439
309,"void laplacian_kernel<double>(double*, double const*, int, int, int, double, double, double, double) [clone .kd]",2,0,921,4124249,4124249,134217728,256,0,0,20,20,32,64,"0x0","0x7fcdda2618c0",1701212.9375,1039014.6875,1766689,1371084,1616925656823190,1616925657469782,1616925660418421,1616925660496665,2948639
310,"void laplacian_kernel<double>(double*, double const*, int, int, int, double, double, double, double) [clone .kd]",2,0,924,4124249,4124249,134217728,256,0,0,20,20,32,64,"0x0","0x7fcdda2618c0",1701342.375,1039012.4375,1770492,1367245,1616925660525419,1616925661130660,1616925664082819,1616925664161445,2952159
311,"void laplacian_kernel<double>(double*, double const*, int, int, int, double, double, double, double) [clone .kd]",2,0,927,4124249,4124249,134217728,256,0,0,20,20,32,64,"0x0","0x7fcdda2618c0",1698315.6875,1038997.625,1762948,1374866,1616925664182094,1616925664807859,1616925667739698,1616925667814102,2931839
312,"void laplacian_kernel<double>(double*, double const*, int, int, int, double, double, double, double) [clone .kd]",2,0,930,4124249,4124249,134217728,256,0,0,20,20,32,64,"0x0","0x7fcdda2618c0",1701112.5,1039011.8125,1768991,1368782,1616925668047738,1616925668454578,1616925671401296,1616925671479513,2946718
313,"void laplacian_kernel<double>(double*, double const*, int, int, int, double, double, double, double) [clone .kd]",2,0,933,4124249,4124249,134217728,256,0,0,20,20,32,64,"0x0","0x7fcdda2618c0",1700813.9375,1039015.8125,1769538,1368250,1616925671501925,1616925672110056,1616925675061575,1616925675139865,2951519
314,"void laplacian_kernel<double>(double*, double const*, int, int, int, double, double, double, double) [clone .kd]",2,0,936,4124249,4124249,134217728,256,0,0,20,20,32,64,"0x0","0x7fcdda2618c0",1699403.5625,1039013.4375,1768670,1369072,1616925675163228,1616925675775175,1616925678721894,1616925678723623,2946719
315,"void laplacian_kernel<double>(double*, double const*, int, int, int, double, double, double, double) [clone .kd]",2,0,939,4124249,4124249,134217728,256,0,0,20,20,32,64,"0x0","0x7fcdda2618c0",1696997.5,1039022.25,1765347,1372507,1616925679016539,1616925679424773,1616925682371812,1616925682451481,2947039
316,"void laplacian_kernel<double>(double*, double const*, int, int, int, double, double, double, double) [clone .kd]",2,0,942,4124249,4124249,134217728,256,0,0,20,20,32,64,"0x0","0x7fcdda2618c0",1691251.75,1039014.5,1769825,1367987,1616925682471277,1616925683074012,1616925686016411,1616925686094800,2942399
317,"void laplacian_kernel<double>(double*, double const*, int, int, int, double, double, double, double) [clone .kd]",2,0,945,4124249,4124249,134217728,256,0,0,20,20,32,64,"0x0","0x7fcdda2618c0",1696771.875,1039036.8125,1767672,1370077,1616925686114818,1616925686727130,1616925689671289,1616925689751675,2944159
318,"void laplacian_kernel<double>(double*, double const*, int, int, int, double, double, double, double) [clone .kd]",2,0,948,4124249,4124249,134217728,256,0,0,20,20,32,64,"0x0","0x7fcdda2618c0",1692792.25,1039050.5,1767661,1370100,1616925689775620,1616925690387769,1616925693331448,1616925693410314,2943679
319,"void laplacian_kernel<double>(double*, double const*, int, int, int, double, double, double, double) [clone .kd]",2,0,951,4124249,4124249,134217728,256,0,0,20,20,32,64,"0x0","0x7fcdda2618c0",1698794.0625,1038981.8125,1767232,1370549,1616925693434218,1616925694042847,1616925696979966,1616925697058743,2937119
320,"void laplacian_kernel<double>(double*, double const*, int, int, int, double, double, double, double) [clone .kd]",2,0,954,4124249,4124249,134217728,256,0,0,20,20,32,64,"0x0","0x7fcdda2618c0",1695093,1039033.1875,1766568,1371228,1616925697087617,1616925697693766,1616925700642885,1616925700721649,2949119
321,"void laplacian_kernel<double>(double*, double const*, int, int, int, double, double, double, double) [clone .kd]",2,0,957,4124249,4124249,134217728,256,0,0,20,20,32,64,"0x0","0x7fcdda2618c0",1700801.875,1038995.9375,1770388,1367390,1616925700742989,1616925701341525,1616925704294483,1616925704372803,2952958
322,"void laplacian_kernel<double>(double*, double const*, int, int, int, double, double, double, double) [clone .kd]",2,0,960,4124249,4124249,134217728,256,0,0,20,20,32,64,"0x0","0x7fcdda2618c0",1698154.5,1039031.125,1765131,1372681,1616925704394424,1616925705007763,1616925707959922,1616925708038104,2952159
323,"void laplacian_kernel<double>(double*, double const*, int, int, int, double, double, double, double) [clone .kd]",2,0,963,4124249,4124249,134217728,256,0,0,20,20,32,64,"0x0","0x7fcdda2618c0",1698801.875,1039032.25,1769213,1368555,1616925708061066,1616925708668207,1616925711621806,1616925711707132,2953599
324,"void laplacian_kernel<double>(double*, double const*, int, int, int, double, double, double, double) [clone .kd]",2,0,966,4124249,4124249,134217728,256,0,0,20,20,32,64,"0x0","0x7fcdda2618c0",1697921.6875,1039004.8125,1766813,1371081,1616925711733010,1616925712330844,1616925715278042,1616925715357083,2947198
325,"void laplacian_kernel<double>(double*, double const*, int, int, int, double, double, double, double) [clone .kd]",2,0,969,4124249,4124249,134217728,256,0,0,20,20,32,64,"0x0","0x7fcdda2618c0",1704118.1875,1039026.375,1767452,1370351,1616925715385557,1616925715992402,1616925718937040,1616925719016073,2944638
326,"void laplacian_kernel<double>(double*, double const*, int, int, int, double, double, double, double) [clone .kd]",2,0,972,4124249,4124249,134217728,256,0,0,20,20,32,64,"0x0","0x7fcdda2618c0",1701108.5625,1039004.3125,1767684,1370101,1616925719037723,1616925719649680,1616925722605358,1616925722684138,2955678
327,"void laplacian_kernel<double>(double*, double const*, int, int, int, double, double, double, double) [clone .kd]",2,0,975,4124249,4124249,134217728,256,0,0,20,20,32,64,"0x0","0x7fcdda2618c0",1700414.125,1039024.25,1767601,1370195,1616925722705498,1616925723311797,1616925726260116,1616925726339621,2948319
328,"void laplacian_kernel<double>(double*, double const*, int, int, int, double, double, double, double) [clone .kd]",2,0,978,4124249,4124249,134217728,256,0,0,20,20,32,64,"0x0","0x7fcdda2618c0",1702706.875,1039010.8125,1767402,1370410,1616925726361872,1616925726976555,1616925729922473,1616925730001285,2945918
329,"void laplacian_kernel<double>(double*, double const*, int, int, int, double, double, double, double) [clone .kd]",2,0,981,4124249,4124249,134217728,256,0,0,20,20,32,64,"0x0","0x7fcdda2618c0",1698840.4375,1039013.8125,1766765,1370998,1616925730023336,1616925730641953,1616925733594911,1616925733672556,2952958
330,"void laplacian_kernel<double>(double*, double const*, int, int, int, double, double, double, double) [clone .kd]",2,0,984,4124249,4124249,134217728,256,0,0,20,20,32,64,"0x0","0x7fcdda2618c0",1696465.4375,1039023.8125,1768212,1369595,1616925733701310,1616925734318711,1616925737264149,1616925737345481,2945438
331,"void laplacian_kernel<double>(double*, double const*, int, int, int, double, double, double, double) [clone .kd]",2,0,987,4124249,4124249,134217728,256,0,0,20,20,32,64,"0x0","0x7fcdda2618c0",1703886.3125,1039023.5625,1765220,1372498,1616925737365478,1616925737975869,1616925740912347,1616925740990845,2936478
332,"void laplacian_kernel<double>(double*, double const*, int, int, int, double, double, double, double) [clone .kd]",2,0,990,4124249,4124249,134217728,256,0,0,20,20,32,64,"0x0","0x7fcdda2618c0",1697827.5,1039004.1875,1765995,1371857,1616925741014248,1616925741609066,1616925744565385,1616925744643462,2956319
333,"void laplacian_kernel<double>(double*, double const*, int, int, int, double, double, double, double) [clone .kd]",2,0,993,4124249,4124249,134217728,256,0,0,20,20,32,64,"0x0","0x7fcdda2618c0",1702211.5,1039007.25,1765573,1372138,1616925744666324,1616925745260424,1616925748208742,1616925748286651,2948318
334,"void laplacian_kernel<double>(double*, double const*, int, int, int, double, double, double, double) [clone .kd]",2,0,996,4124249,4124249,134217728,256,0,0,20,20,32,64,"0x0","0x7fcdda2618c0",1719150.5,1039028.1875,1765178,1372605,1616925751716032,1616925752172900,1616925755101858,1616925755180598,2928958
335,"void laplacian_kernel<double>(double*, double const*, int, int, int, double, double, double, double) [clone .kd]",2,0,999,4124249,4124249,134217728,256,0,0,20,20,32,64,"0x0","0x7fcdda2618c0",1706831.5625,1039025.375,1768743,1369081,1616925755202640,1616925755821698,1616925758767136,1616925758846771,2945438
336,"void laplacian_kernel<double>(double*, double const*, int, int, int, double, double, double, double) [clone .kd]",2,0,1002,4124249,4124249,134217728,256,0,0,20,20,32,64,"0x0","0x7fcdda2618c0",1705688.4375,1039017,1767509,1370243,1616925758869463,1616925759480975,1616925762424494,1616925762504177,2943519
337,"void laplacian_kernel<double>(double*, double const*, int, int, int, double, double, double, double) [clone .kd]",2,0,1005,4124249,4124249,134217728,256,0,0,20,20,32,64,"0x0","0x7fcdda2618c0",1704840.5,1039028.6875,1769046,1368764,1616925762528142,1616925763115853,1616925766065931,1616925766145323,2950078
338,"void laplacian_kernel<double>(double*, double const*, int, int, int, double, double, double, double) [clone .kd]",2,0,1008,4124249,4124249,134217728,256,0,0,20,20,32,64,"0x0","0x7fcdda2618c0",1714069.0625,1039021.875,1769063,1368716,1616925766168125,1616925766773771,1616925769726569,1616925769806035,2952798
339,"void laplacian_kernel<double>(double*, double const*, int, int, int, double, double, double, double) [clone .kd]",2,0,1011,4124249,4124249,134217728,256,0,0,20,20,32,64,"0x0","0x7fcdda2618c0",1700365.875,1038997.875,1763554,1374233,1616925769830180,1616925770425969,1616925773379087,1616925773381217,2953118
340,"void laplacian_kernel<double>(double*, double const*, int, int, int, double, double, double, double) [clone .kd]",2,0,1014,4124249,4124249,134217728,256,0,0,20,20,32,64,"0x0","0x7fcdda2618c0",1695237.375,1039014.875,1767008,1370743,1616925773661951,1616925774066751,1616925777023389,1616925777031861,2956638
341,"void laplacian_kernel<double>(double*, double const*, int, int, int, double, double, double, double) [clone .kd]",2,0,1017,4124249,4124249,134217728,256,0,0,20,20,32,64,"0x0","0x7fcdda2618c0",1697120.375,1039010.9375,1770562,1367211,1616925777313877,1616925777732027,1616925780681945,1616925780761081,2949918
342,"void laplacian_kernel<double>(double*, double const*, int, int, int, double, double, double, double) [clone .kd]",2,0,1020,4124249,4124249,134217728,256,0,0,20,20,32,64,"0x0","0x7fcdda2618c0",1697528.9375,1039008.1875,1765014,1372717,1616925780785496,1616925781379264,1616925784326622,1616925784407406,2947358
343,"void laplacian_kernel<double>(double*, double const*, int, int, int, double, double, double, double) [clone .kd]",2,0,1023,4124249,4124249,134217728,256,0,0,20,20,32,64,"0x0","0x7fcdda2618c0",1699331.9375,1039021.875,1764719,1373083,1616925784431160,1616925785055022,1616925787991660,1616925788070943,2936638
344,"void laplacian_kernel<double>(double*, double const*, int, int, int, double, double, double, double) [clone .kd]",2,0,1026,4124249,4124249,134217728,256,0,0,20,20,32,64,"0x0","0x7fcdda2618c0",1700938.0625,1039020.75,1765926,1371877,1616925788094467,1616925788696739,1616925791646497,1616925791723791,2949758
345,"void laplacian_kernel<double>(double*, double const*, int, int, int, double, double, double, double) [clone .kd]",2,0,1029,4124249,4124249,134217728,256,0,0,20,20,32,64,"0x0","0x7fcdda2618c0",1702110.8125,1039028.9375,1768676,1369131,1616925791748937,1616925792372896,1616925795326014,1616925795404681,2953118
346,"void laplacian_kernel<double>(double*, double const*, int, int, int, double, double, double, double) [clone .kd]",2,0,1032,4124249,4124249,134217728,256,0,0,20,20,32,64,"0x0","0x7fcdda2618c0",1698778.5625,1038998.4375,1767243,1370574,1616925795425750,1616925796042774,1616925798978452,1616925799058279,2935678
347,"void laplacian_kernel<double>(double*, double const*, int, int, int, double, double, double, double) [clone .kd]",2,0,1035,4124249,4124249,134217728,256,0,0,20,20,32,64,"0x0","0x7fcdda2618c0",1698820.25,1038999.75,1768628,1369139,1616925799079719,1616925799680451,1616925802627489,1616925802706178,2947038
348,"void laplacian_kernel<double>(double*, double const*, int, int, int, double, double, double, double) [clone .kd]",2,0,1038,4124249,4124249,134217728,256,0,0,20,20,32,64,"0x0","0x7fcdda2618c0",1698187.625,1039020.375,1766815,1370970,1616925802730924,1616925803329289,1616925806280966,1616925806361570,2951677
349,"void laplacian_kernel<double>(double*, double const*, int, int, int, double, double, double, double) [clone .kd]",2,0,1041,4124249,4124249,134217728,256,0,0,20,20,32,64,"0x0","0x7fcdda2618c0",1702585.4375,1039018.875,1768607,1369187,1616925806383921,1616925806993846,1616925809925204,1616925810004729,2931358
350,"void laplacian_kernel<double>(double*, double const*, int, int, int, double, double, double, double) [clone .kd]",2,0,1044,4124249,4124249,134217728,256,0,0,20,20,32,64,"0x0","0x7fcdda2618c0",1694695.9375,1038992.3125,1766463,1371211,1616925810024336,1616925810637163,1616925813587401,1616925813666814,2950238
351,"void laplacian_kernel<double>(double*, double const*, int, int, int, double, double, double, double) [clone .kd]",2,0,1047,4124249,4124249,134217728,256,0,0,20,20,32,64,"0x0","0x7fcdda2618c0",1707974.25,1039019.875,1767251,1370552,1616925813688404,1616925814293081,1616925817244118,1616925817323358,2951037
352,"void laplacian_kernel<double>(double*, double const*, int, int, int, double, double, double, double) [clone .kd]",2,0,1050,4124249,4124249,134217728,256,0,0,20,20,32,64,"0x0","0x7fcdda2618c0",1698606.125,1038977.8125,1768342,1369435,1616925817346942,1616925817954198,1616925820896756,1616925820898711,2942558
353,"void laplacian_kernel<double>(double*, double const*, int, int, int, double, double, double, double) [clone .kd]",2,0,1053,4124249,4124249,134217728,256,0,0,20,20,32,64,"0x0","0x7fcdda2618c0",1701435.25,1039044.875,1766913,1370830,1616925821191687,1616925821607155,1616925824554353,1616925824556428,2947198
354,"void laplacian_kernel<double>(double*, double const*, int, int, int, double, double, double, double) [clone .kd]",2,0,1056,4124249,4124249,134217728,256,0,0,20,20,32,64,"0x0","0x7fcdda2618c0",1697634.25,1039023.625,1770324,1367465,1616925824850356,1616925825256433,1616925828210031,1616925828212481,2953598
355,"void laplacian_kernel<double>(double*, double const*, int, int, int, double, double, double, double) [clone .kd]",2,0,1059,4124249,4124249,134217728,256,0,0,20,20,32,64,"0x0","0x7fcdda2618c0",1697070.6875,1039043.9375,1767491,1370286,1616925828499376,1616925828918190,1616925831861548,1616925831863825,2943358
356,"void laplacian_kernel<double>(double*, double const*, int, int, int, double, double, double, double) [clone .kd]",2,0,1062,4124249,4124249,134217728,256,0,0,20,20,32,64,"0x0","0x7fcdda2618c0",1696858.375,1039043.25,1765755,1372065,1616925832166900,1616925832573867,1616925835524585,1616925835601010,2950718
357,"void laplacian_kernel<double>(double*, double const*, int, int, int, double, double, double, double) [clone .kd]",2,0,1065,4124249,4124249,134217728,256,0,0,20,20,32,64,"0x0","0x7fcdda2618c0",1709852.0625,1039026.0625,1769039,1368768,1616925835623342,1616925836221625,1616925839171543,1616925839248718,2949918
358,"void laplacian_kernel<double>(double*, double const*, int, int, int, double, double, double, double) [clone .kd]",2,0,1068,4124249,4124249,134217728,256,0,0,20,20,32,64,"0x0","0x7fcdda2618c0",1702835.9375,1038985.375,1764094,1373696,1616925839279776,1616925839874940,1616925842824539,1616925842911564,2949599
359,"void laplacian_kernel<double>(double*, double const*, int, int, int, double, double, double, double) [clone .kd]",2,0,1071,4124249,4124249,134217728,256,0,0,20,20,32,64,"0x0","0x7fcdda2618c0",1695688,1039021.125,1766622,1371117,1616925842934417,1616925843530657,1616925846480095,1616925846482058,2949438
360,"void laplacian_kernel<double>(double*, double const*, int, int, int, double, double, double, double) [clone .kd]",2,0,1074,4124249,4124249,134217728,256,0,0,20,20,32,64,"0x0","0x7fcdda2618c0",1705642.875,1039030.4375,1771146,1366631,1616925846778571,1616925847197055,1616925850151293,1616925850230534,2954238
361,"void laplacian_kernel<double>(double*, double const*, int, int, int, double, double, double, double) [clone .kd]",2,0,1077,4124249,4124249,134217728,256,0,0,20,20,32,64,"0x0","0x7fcdda2618c0",1701906.0625,1039032.375,1739351,1398408,1616925850251142,1616925850868213,1616925853806291,1616925853884373,2938078
362,"void laplacian_kernel<double>(double*, double const*, int, int, int, double, double, double, double) [clone .kd]",2,0,1080,4124249,4124249,134217728,256,0,0,20,20,32,64,"0x0","0x7fcdda2618c0",1703670.875,1039021,1753651,1384131,1616925853906655,1616925854505371,1616925857460569,1616925857541959,2955198
363,"void laplacian_kernel<double>(double*, double const*, int, int, int, double, double, double, double) [clone .kd]",2,0,1083,4124249,4124249,134217728,256,0,0,20,20,32,64,"0x0","0x7fcdda2618c0",1693474.6875,1039034,1751981,1385830,1616925857564321,1616925858156049,1616925861101167,1616925861180210,2945118
364,"void laplacian_kernel<double>(double*, double const*, int, int, int, double, double, double, double) [clone .kd]",2,0,1086,4124249,4124249,134217728,256,0,0,20,20,32,64,"0x0","0x7fcdda2618c0",1698391.875,1039012.625,1759975,1377801,1616925861202762,1616925861822967,1616925864756085,1616925864834209,2933118
365,"void laplacian_kernel<double>(double*, double const*, int, int, int, double, double, double, double) [clone .kd]",2,0,1089,4124249,4124249,134217728,256,0,0,20,20,32,64,"0x0","0x7fcdda2618c0",1696734.5,1039009.6875,1769933,1367889,1616925864854076,1616925865472685,1616925868421803,1616925868499009,2949118
366,"void laplacian_kernel<double>(double*, double const*, int, int, int, double, double, double, double) [clone .kd]",2,0,1092,4124249,4124249,134217728,256,0,0,20,20,32,64,"0x0","0x7fcdda2618c0",1699811.75,1039012.4375,1767452,1370356,1616925868521481,1616925869121682,1616925872075121,1616925872153760,2953439
367,"void laplacian_kernel<double>(double*, double const*, int, int, int, double, double, double, double) [clone .kd]",2,0,1095,4124249,4124249,134217728,256,0,0,20,20,32,64,"0x0","0x7fcdda2618c0",1700667.625,1039022.375,1768792,1369117,1616925872176773,1616925872789320,1616925875731719,1616925875809984,2942399
368,"void laplacian_kernel<double>(double*, double const*, int, int, int, double, double, double, double) [clone .kd]",2,0,1098,4124249,4124249,134217728,256,0,0,20,20,32,64,"0x0","0x7fcdda2618c0",1697797,1039023.4375,1765597,1372177,1616925875835091,1616925876447678,1616925879394557,1616925879473130,2946879
369,"void laplacian_kernel<double>(double*, double const*, int, int, int, double, double, double, double) [clone .kd]",2,0,1101,4124249,4124249,134217728,256,0,0,20,20,32,64,"0x0","0x7fcdda2618c0",1696960.75,1039048.5625,1763608,1374225,1616925879501162,1616925880124356,1616925883064674,1616925883143450,2940318
370,"void laplacian_kernel<double>(double*, double const*, int, int, int, double, double, double, double) [clone .kd]",2,0,1104,4124249,4124249,134217728,256,0,0,20,20,32,64,"0x0","0x7fcdda2618c0",1700494.25,1038989.5,1768000,1369780,1616925883163949,1616925883776874,1616925886721032,1616925886799734,2944158
371,"void laplacian_kernel<double>(double*, double const*, int, int, int, double, double, double, double) [clone .kd]",2,0,1107,4124249,4124249,134217728,256,0,0,20,20,32,64,"0x0","0x7fcdda2618c0",1700572.25,1039024.375,1769163,1368657,1616925886819762,1616925887432192,1616925890381950,1616925890460577,2949758
372,"void laplacian_kernel<double>(double*, double const*, int, int, int, double, double, double, double) [clone .kd]",2,0,1110,4124249,4124249,134217728,256,0,0,20,20,32,64,"0x0","0x7fcdda2618c0",1699443.1875,1039029.25,1766656,1371086,1616925890484101,1616925891097510,1616925894041988,1616925894121179,2944478
373,"void laplacian_kernel<double>(double*, double const*, int, int, int, double, double, double, double) [clone .kd]",2,0,1113,4124249,4124249,134217728,256,0,0,20,20,32,64,"0x0","0x7fcdda2618c0",1696924.625,1039032.8125,1766892,1370876,1616925894143640,1616925894738348,1616925897686186,1616925897764799,2947838
374,"void laplacian_kernel<double>(double*, double const*, int, int, int, double, double, double, double) [clone .kd]",2,0,1116,4124249,4124249,134217728,256,0,0,20,20,32,64,"0x0","0x7fcdda2618c0",1701226,1039027.0625,1767665,1370083,1616925897796989,1616925898399386,1616925901344184,1616925901423968,2944798
375,"void laplacian_kernel<double>(double*, double const*, int, int, int, double, double, double, double) [clone .kd]",2,0,1119,4124249,4124249,134217728,256,0,0,20,20,32,64,"0x0","0x7fcdda2618c0",1705495.1875,1039047.8125,1768507,1369338,1616925901442833,1616925902051184,1616925904992622,1616925905071265,2941438
376,"void laplacian_kernel<double>(double*, double const*, int, int, int, double, double, double, double) [clone .kd]",2,0,1122,4124249,4124249,134217728,256,0,0,20,20,32,64,"0x0","0x7fcdda2618c0",1694181.125,1039040.625,1766974,1370815,1616925905091363,1616925905701337,1616925908646296,1616925908734472,2944959
377,"void laplacian_kernel<double>(double*, double const*, int, int, int, double, double, double, double) [clone .kd]",2,0,1125,4124249,4124249,134217728,256,0,0,20,20,32,64,"0x0","0x7fcdda2618c0",1699056,1039028.5625,1769378,1368367,1616925908759188,1616925909377054,1616925912323932,1616925912402217,2946878
378,"void laplacian_kernel<double>(double*, double const*, int, int, int, double, double, double, double) [clone .kd]",2,0,1128,4124249,4124249,134217728,256,0,0,20,20,32,64,"0x0","0x7fcdda2618c0",1701208.875,1039018.3125,1767076,1370755,1616925912426202,1616925913015932,1616925915965050,1616925916046589,2949118
379,"void laplacian_kernel<double>(double*, double const*, int, int, int, double, double, double, double) [clone .kd]",2,0,1131,4124249,4124249,134217728,256,0,0,20,20,32,64,"0x0","0x7fcdda2618c0",1701234.0625,1039019,1764330,1373459,1616925916075713,1616925916684530,1616925919639408,1616925919716769,2954878
380,"void laplacian_kernel<double>(double*, double const*, int, int, int, double, double, double, double) [clone .kd]",2,0,1134,4124249,4124249,134217728,256,0,0,20,20,32,64,"0x0","0x7fcdda2618c0",1698696.125,1039014.4375,1770844,1366942,1616925919737467,1616925920341448,1616925923286246,1616925923365879,2944798
381,"void laplacian_kernel<double>(double*, double const*, int, int, int, double, double, double, double) [clone .kd]",2,0,1137,4124249,4124249,134217728,256,0,0,20,20,32,64,"0x0","0x7fcdda2618c0",1701401.1875,1039008.75,1765255,1372539,1616925923385706,1616925923997166,1616925926937324,1616925927016072,2940158
382,"void laplacian_kernel<double>(double*, double const*, int, int, int, double, double, double, double) [clone .kd]",2,0,1140,4124249,4124249,134217728,256,0,0,20,20,32,64,"0x0","0x7fcdda2618c0",1698264.3125,1039025.375,1766687,1371043,1616925927039245,1616925927637284,1616925930586082,1616925930665713,2948798
383,"void laplacian_kernel<double>(double*, double const*, int, int, int, double, double, double, double) [clone .kd]",2,0,1143,4124249,4124249,134217728,256,0,0,20,20,32,64,"0x0","0x7fcdda2618c0",1699428.8125,1039034.3125,1767973,1369859,1616925930688095,1616925931310881,1616925934262080,1616925934341243,2951199
384,"void laplacian_kernel<double>(double*, double const*, int, int, int, double, double, double, double) [clone .kd]",2,0,1146,4124249,4124249,134217728,256,0,0,20,20,32,64,"0x0","0x7fcdda2618c0",1700362,1039031.1875,1767790,1369976,1616925934370547,1616925934970159,1616925937912558,1616925937991345,2942399
385,"void laplacian_kernel<double>(double*, double const*, int, int, int, double, double, double, double) [clone .kd]",2,0,1149,4124249,4124249,134217728,256,0,0,20,20,32,64,"0x0","0x7fcdda2618c0",1695888.25,1039017.1875,1766131,1371621,1616925938014168,1616925938631397,1616925941576836,1616925941655013,2945439
386,"void laplacian_kernel<double>(double*, double const*, int, int, int, double, double, double, double) [clone .kd]",2,0,1152,4124249,4124249,134217728,256,0,0,20,20,32,64,"0x0","0x7fcdda2618c0",1701210.1875,1039023.1875,1770241,1367519,1616925941677685,1616925942289275,1616925945244793,1616925945324702,2955518
387,"void laplacian_kernel<double>(double*, double const*, int, int, int, double, double, double, double) [clone .kd]",2,0,1155,4124249,4124249,134217728,256,0,0,20,20,32,64,"0x0","0x7fcdda2618c0",1701068.1875,1039048.3125,1771389,1366432,1616925945361099,1616925945945433,1616925948900951,1616925948979803,2955518
388,"void laplacian_kernel<double>(double*, double const*, int, int, int, double, double, double, double) [clone .kd]",2,0,1158,4124249,4124249,134217728,256,0,0,20,20,32,64,"0x0","0x7fcdda2618c0",1702093.8125,1039034.375,1769909,1368032,1616925949003307,1616925949625511,1616925952578629,1616925952656575,2953118
389,"void laplacian_kernel<double>(double*, double const*, int, int, int, double, double, double, double) [clone .kd]",2,0,1161,4124249,4124249,134217728,256,0,0,20,20,32,64,"0x0","0x7fcdda2618c0",1696429,1039037.125,1769381,1368437,1616925952686230,1616925953301389,1616925956247947,1616925956326093,2946558
390,"void laplacian_kernel<double>(double*, double const*, int, int, int, double, double, double, double) [clone .kd]",2,0,1164,4124249,4124249,134217728,256,0,0,20,20,32,64,"0x0","0x7fcdda2618c0",1696449,1039012.9375,1768189,1369528,1616925956349096,1616925956967987,1616925959897585,1616925959947062,2929598
391,"void laplacian_kernel<double>(double*, double const*, int, int, int, double, double, double, double) [clone .kd]",2,0,1167,4124249,4124249,134217728,256,0,0,20,20,32,64,"0x0","0x7fcdda2618c0",1700329.4375,1039019.625,1768565,1369170,1616925960205774,1616925960626705,1616925963575023,1616925963651475,2948318
392,"void laplacian_kernel<double>(double*, double const*, int, int, int, double, double, double, double) [clone .kd]",2,0,1170,4124249,4124249,134217728,256,0,0,20,20,32,64,"0x0","0x7fcdda2618c0",1703333.875,1038992.3125,1770158,1367564,1616925963674017,1616925967956220,1616925970874779,1616925970955136,2918559
393,"void laplacian_kernel<double>(double*, double const*, int, int, int, double, double, double, double) [clone .kd]",2,0,1173,4124249,4124249,134217728,256,0,0,20,20,32,64,"0x0","0x7fcdda2618c0",1705359.25,1039016,1766001,1371755,1616925970978440,1616925971587768,1616925974530167,1616925974617742,2942399
394,"void laplacian_kernel<double>(double*, double const*, int, int, int, double, double, double, double) [clone .kd]",2,0,1176,4124249,4124249,134217728,256,0,0,20,20,32,64,"0x0","0x7fcdda2618c0",1703240.75,1038999.25,1765674,1372064,1616925974644051,1616925975280325,1616925978210403,1616925978289525,2930078
395,"void laplacian_kernel<double>(double*, double const*, int, int, int, double, double, double, double) [clone .kd]",2,0,1179,4124249,4124249,134217728,256,0,0,20,20,32,64,"0x0","0x7fcdda2618c0",1704260.5625,1039009.1875,1768085,1369654,1616925978312658,1616925978928523,1616925981873801,1616925981953393,2945278
396,"void laplacian_kernel<double>(double*, double const*, int, int, int, double, double, double, double) [clone .kd]",2,0,1182,4124249,4124249,134217728,256,0,0,20,20,32,64,"0x0","0x7fcdda2618c0",1701802.0625,1039035.125,1768041,1369742,1616925981976957,1616925982596320,1616925985540958,1616925985620827,2944638
397,"void laplacian_kernel<double>(double*, double const*, int, int, int, double, double, double, double) [clone .kd]",2,0,1185,4124249,4124249,134217728,256,0,0,20,20,32,64,"0x0","0x7fcdda2618c0",1699150.375,1039023.8125,1769210,1368565,1616925985643870,1616925986255998,1616925989207516,1616925989286970,2951518
398,"void laplacian_kernel<double>(double*, double const*, int, int, int, double, double, double, double) [clone .kd]",2,0,1188,4124249,4124249,134217728,256,0,0,20,20,32,64,"0x0","0x7fcdda2618c0",1703200.5625,1039027.75,1766647,1371153,1616925989309412,1616925989916236,1616925992872554,1616925992952350,2956318
399,"void laplacian_kernel<double>(double*, double const*, int, int, int, double, double, double, double) [clone .kd]",2,0,1191,4124249,4124249,134217728,256,0,0,20,20,32,64,"0x0","0x7fcdda2618c0",1700162.3125,1039020.4375,1767921,1369857,1616925992973430,1616925993586553,1616925996535511,1616925996613664,2948958
400,"void laplacian_kernel<double>(double*, double const*, int, int, int, double, double, double, double) [clone .kd]",2,0,1194,4124249,4124249,134217728,256,0,0,20,20,32,64,"0x0","0x7fcdda2618c0",1701009.75,1039039.25,1766365,1371403,1616925996635525,1616925997267711,1616926000218109,1616926000297659,2950398
401,"void laplacian_kernel<double>(double*, double const*, int, int, int, double, double, double, double) [clone .kd]",2,0,1197,4124249,4124249,134217728,256,0,0,20,20,32,64,"0x0","0x7fcdda2618c0",1700176.0625,1039002.0625,1764147,1373594,1616926000320422,1616926000940348,1616926003879066,1616926003880947,2938718
402,"void laplacian_kernel<double>(double*, double const*, int, int, int, double, double, double, double) [clone .kd]",2,0,1200,4124249,4124249,134217728,256,0,0,20,20,32,64,"0x0","0x7fcdda2618c0",1698429.8125,1039014.8125,1766748,1370990,1616926004198569,1616926004607386,1616926007553624,1616926007632539,2946238
403,"void laplacian_kernel<double>(double*, double const*, int, int, int, double, double, double, double) [clone .kd]",2,0,1203,4124249,4124249,134217728,256,0,0,20,20,32,64,"0x0","0x7fcdda2618c0",1702467.5,1039032.5625,1767590,1370202,1616926007655161,1616926008269784,1616926011217622,1616926011296236,2947838
404,"void laplacian_kernel<double>(double*, double const*, int, int, int, double, double, double, double) [clone .kd]",2,0,1206,4124249,4124249,134217728,256,0,0,20,20,32,64,"0x0","0x7fcdda2618c0",1699000.8125,1039047.5625,1767479,1370297,1616926011315903,1616926011926981,1616926014862019,1616926014941279,2935038
405,"void laplacian_kernel<double>(double*, double const*, int, int, int, double, double, double, double) [clone .kd]",2,0,1209,4124249,4124249,134217728,256,0,0,20,20,32,64,"0x0","0x7fcdda2618c0",1698707.9375,1039019.4375,1767814,1369928,1616926014961898,1616926015576379,1616926018527577,1616926018606530,2951198
406,"void laplacian_kernel<double>(double*, double const*, int, int, int, double, double, double, double) [clone .kd]",2,0,1212,4124249,4124249,134217728,256,0,0,20,20,32,64,"0x0","0x7fcdda2618c0",1698103.625,1039016.4375,1767882,1369905,1616926018629913,1616926019244936,1616926022189094,1616926022268644,2944158
407,"void laplacian_kernel<double>(double*, double const*, int, int, int, double, double, double, double) [clone .kd]",2,0,1215,4124249,4124249,134217728,256,0,0,20,20,32,64,"0x0","0x7fcdda2618c0",1696578.1875,1039021.625,1764982,1372743,1616926022291257,1616926022897814,1616926025838932,1616926025919588,2941118
408,"void laplacian_kernel<double>(double*, double const*, int, int, int, double, double, double, double) [clone .kd]",2,0,1218,4124249,4124249,134217728,256,0,0,20,20,32,64,"0x0","0x7fcdda2618c0",1694594.625,1039020.875,1762904,1374933,1616926025942421,1616926026564092,1616926029512890,1616926029592814,2948798
409,"void laplacian_kernel<double>(double*, double const*, int, int, int, double, double, double, double) [clone .kd]",2,0,1221,4124249,4124249,134217728,256,0,0,20,20,32,64,"0x0","0x7fcdda2618c0",1699053.9375,1039020.3125,1767797,1370003,1616926029612380,1616926030214329,1616926033167447,1616926033246933,2953118
410,"void laplacian_kernel<double>(double*, double const*, int, int, int, double, double, double, double) [clone .kd]",2,0,1224,4124249,4124249,134217728,256,0,0,20,20,32,64,"0x0","0x7fcdda2618c0",1703431.5,1039023,1770110,1367623,1616926033267241,1616926033887167,1616926036829245,1616926036908708,2942078
411,"void laplacian_kernel<double>(double*, double const*, int, int, int, double, double, double, double) [clone .kd]",2,0,1227,4124249,4124249,134217728,256,0,0,20,20,32,64,"0x0","0x7fcdda2618c0",1699696.9375,1039025.0625,1764980,1372825,1616926036931350,1616926037555911,1616926040507590,1616926040594126,2951679
412,"void laplacian_kernel<double>(double*, double const*, int, int, int, double, double, double, double) [clone .kd]",2,0,1230,4124249,4124249,134217728,256,0,0,20,20,32,64,"0x0","0x7fcdda2618c0",1703306,1039009.9375,1766072,1371639,1616926040618782,1616926041240148,1616926044185267,1616926044264336,2945119
413,"void laplacian_kernel<double>(double*, double const*, int, int, int, double, double, double, double) [clone .kd]",2,0,1233,4124249,4124249,134217728,256,0,0,20,20,32,64,"0x0","0x7fcdda2618c0",1705696.625,1039021.8125,1767838,1369994,1616926044286267,1616926044885146,1616926047823385,1616926047900402,2938239
414,"void laplacian_kernel<double>(double*, double const*, int, int, int, double, double, double, double) [clone .kd]",2,0,1236,4124249,4124249,134217728,256,0,0,20,20,32,64,"0x0","0x7fcdda2618c0",1698807.5625,1039022.75,1766092,1371635,1616926047925669,1616926048554144,1616926051505023,1616926051583065,2950879
415,"void laplacian_kernel<double>(double*, double const*, int, int, int, double, double, double, double) [clone .kd]",2,0,1239,4124249,4124249,134217728,256,0,0,20,20,32,64,"0x0","0x7fcdda2618c0",1700611.125,1039036.3125,1764047,1373698,1616926051604946,1616926052228422,1616926055175141,1616926055254667,2946719
416,"void laplacian_kernel<double>(double*, double const*, int, int, int, double, double, double, double) [clone .kd]",2,0,1242,4124249,4124249,134217728,256,0,0,20,20,32,64,"0x0","0x7fcdda2618c0",1703467.8125,1039031.125,1766518,1371324,1616926055277800,1616926055897380,1616926058842019,1616926058921420,2944639
417,"void laplacian_kernel<double>(double*, double const*, int, int, int, double, double, double, double) [clone .kd]",2,0,1245,4124249,4124249,134217728,256,0,0,20,20,32,64,"0x0","0x7fcdda2618c0",1695911.75,1039002.75,1767500,1370266,1616926058944533,1616926059554578,1616926062496177,1616926062574549,2941599
418,"void laplacian_kernel<double>(double*, double const*, int, int, int, double, double, double, double) [clone .kd]",2,0,1248,4124249,4124249,134217728,256,0,0,20,20,32,64,"0x0","0x7fcdda2618c0",1699742,1039007.625,1767379,1370436,1616926062596499,1616926063214697,1616926066163975,1616926066243897,2949278
419,"void laplacian_kernel<double>(double*, double const*, int, int, int, double, double, double, double) [clone .kd]",2,0,1251,4124249,4124249,134217728,256,0,0,20,20,32,64,"0x0","0x7fcdda2618c0",1703495.5,1038991.75,1768189,1369628,1616926066264365,1616926066890375,1616926069831493,1616926069833015,2941118
420,"void laplacian_kernel<double>(double*, double const*, int, int, int, double, double, double, double) [clone .kd]",2,0,1254,4124249,4124249,134217728,256,0,0,20,20,32,64,"0x0","0x7fcdda2618c0",1700066.375,1039019.4375,1769148,1368631,1616926070123056,1616926070531653,1616926073492611,1616926073572454,2960958
421,"void laplacian_kernel<double>(double*, double const*, int, int, int, double, double, double, double) [clone .kd]",2,0,1257,4124249,4124249,134217728,256,0,0,20,20,32,64,"0x0","0x7fcdda2618c0",1698678.5625,1039032.875,1767444,1370398,1616926073595457,1616926074202571,1616926077148329,1616926077228397,2945758
422,"void laplacian_kernel<double>(double*, double const*, int, int, int, double, double, double, double) [clone .kd]",2,0,1260,4124249,4124249,134217728,256,0,0,20,20,32,64,"0x0","0x7fcdda2618c0",1697633.6875,1039017.875,1768281,1369479,1616926077250839,1616926077862409,1616926080804807,1616926080883519,2942398
423,"void laplacian_kernel<double>(double*, double const*, int, int, int, double, double, double, double) [clone .kd]",2,0,1263,4124249,4124249,134217728,256,0,0,20,20,32,64,"0x0","0x7fcdda2618c0",1701848.6875,1038994.0625,1747509,1390235,1616926080905189,1616926081513767,1616926084476965,1616926084555873,2963198
424,"void laplacian_kernel<double>(double*, double const*, int, int, int, double, double, double, double) [clone .kd]",2,0,1266,4124249,4124249,134217728,256,0,0,20,20,32,64,"0x0","0x7fcdda2618c0",1695499.125,1039018.8125,1756574,1381272,1616926084576481,1616926085190405,1616926088138243,1616926088216364,2947838
425,"void laplacian_kernel<double>(double*, double const*, int, int, int, double, double, double, double) [clone .kd]",2,0,1269,4124249,4124249,134217728,256,0,0,20,20,32,64,"0x0","0x7fcdda2618c0",1705353.3125,1038995.3125,1765624,1372175,1616926088239628,1616926088854803,1616926091796561,1616926091871216,2941758
426,"void laplacian_kernel<double>(double*, double const*, int, int, int, double, double, double, double) [clone .kd]",2,0,1272,4124249,4124249,134217728,256,0,0,20,20,32,64,"0x0","0x7fcdda2618c0",1696192.875,1039009.6875,1766780,1370956,1616926091897194,1616926092519321,1616926095466520,1616926095545112,2947199
427,"void laplacian_kernel<double>(double*, double const*, int, int, int, double, double, double, double) [clone .kd]",2,0,1275,4124249,4124249,134217728,256,0,0,20,20,32,64,"0x0","0x7fcdda2618c0",1696445,1039030.5625,1767732,1370163,1616926095567975,1616926096184479,1616926099132318,1616926099213259,2947839
428,"void laplacian_kernel<double>(double*, double const*, int, int, int, double, double, double, double) [clone .kd]",2,0,1278,4124249,4124249,134217728,256,0,0,20,20,32,64,"0x0","0x7fcdda2618c0",1700528.625,1039043.75,1769102,1368625,1616926099236532,1616926099865557,1616926102807156,1616926102885943,2941599
429,"void laplacian_kernel<double>(double*, double const*, int, int, int, double, double, double, double) [clone .kd]",2,0,1281,4124249,4124249,134217728,256,0,0,20,20,32,64,"0x0","0x7fcdda2618c0",1698068.4375,1039026.75,1767558,1370259,1616926102906922,1616926103526397,1616926106469435,1616926106477726,2943038
430,"void laplacian_kernel<double>(double*, double const*, int, int, int, double, double, double, double) [clone .kd]",2,0,1284,4124249,4124249,134217728,256,0,0,20,20,32,64,"0x0","0x7fcdda2618c0",1693802.3125,1039041.25,1766086,1371667,1616926106764661,1616926107179033,1616926110120791,1616926110199282,2941758
431,"void laplacian_kernel<double>(double*, double const*, int, int, int, double, double, double, double) [clone .kd]",2,0,1287,4124249,4124249,134217728,256,0,0,20,20,32,64,"0x0","0x7fcdda2618c0",1698638.75,1039013.625,1766725,1371119,1616926110221363,1616926110833230,1616926113769868,1616926113849174,2936638
432,"void laplacian_kernel<double>(double*, double const*, int, int, int, double, double, double, double) [clone .kd]",2,0,1290,4124249,4124249,134217728,256,0,0,20,20,32,64,"0x0","0x7fcdda2618c0",1699782.75,1039027.4375,1768359,1369430,1616926113872027,1616926114478948,1616926117429985,1616926117508744,2951037
433,"void laplacian_kernel<double>(double*, double const*, int, int, int, double, double, double, double) [clone .kd]",2,0,1293,4124249,4124249,134217728,256,0,0,20,20,32,64,"0x0","0x7fcdda2618c0",1697468.6875,1039027,1764888,1372900,1616926117539361,1616926118152785,1616926121104463,1616926121183803,2951678
434,"void laplacian_kernel<double>(double*, double const*, int, int, int, double, double, double, double) [clone .kd]",2,0,1296,4124249,4124249,134217728,256,0,0,20,20,32,64,"0x0","0x7fcdda2618c0",1699447.5,1039043.5625,1769736,1368071,1616926121205433,1616926121818822,1616926124767780,1616926124846929,2948958
435,"void laplacian_kernel<double>(double*, double const*, int, int, int, double, double, double, double) [clone .kd]",2,0,1299,4124249,4124249,134217728,256,0,0,20,20,32,64,"0x0","0x7fcdda2618c0",1695785.1875,1039021.875,1765952,1371808,1616926124868109,1616926125491739,1616926128436697,1616926128515797,2944958
436,"void laplacian_kernel<double>(double*, double const*, int, int, int, double, double, double, double) [clone .kd]",2,0,1302,4124249,4124249,134217728,256,0,0,20,20,32,64,"0x0","0x7fcdda2618c0",1697997.25,1039046.0625,1768197,1369621,1616926128537808,1616926129170497,1616926132121374,1616926132200353,2950877
437,"void laplacian_kernel<double>(double*, double const*, int, int, int, double, double, double, double) [clone .kd]",2,0,1305,4124249,4124249,134217728,256,0,0,20,20,32,64,"0x0","0x7fcdda2618c0",1699947.1875,1039027.4375,1766933,1370849,1616926132221833,1616926132849774,1616926135787372,1616926135865233,2937598
438,"void laplacian_kernel<double>(double*, double const*, int, int, int, double, double, double, double) [clone .kd]",2,0,1308,4124249,4124249,134217728,256,0,0,20,20,32,64,"0x0","0x7fcdda2618c0",1701006.375,1039020.75,1767777,1370043,1616926135896291,1616926136534611,1616926139485649,1616926139564678,2951038
439,"void laplacian_kernel<double>(double*, double const*, int, int, int, double, double, double, double) [clone .kd]",2,0,1311,4124249,4124249,134217728,256,0,0,20,20,32,64,"0x0","0x7fcdda2618c0",1701113.875,1039035.5625,1763751,1374027,1616926139585386,1616926140207608,1616926143154166,1616926143231741,2946558
440,"void laplacian_kernel<double>(double*, double const*, int, int, int, double, double, double, double) [clone .kd]",2,0,1314,4124249,4124249,134217728,256,0,0,20,20,32,64,"0x0","0x7fcdda2618c0",1699757.5,1039034.875,1769762,1368043,1616926143252079,1616926143863206,1616926146797764,1616926146878698,2934558
441,"void laplacian_kernel<double>(double*, double const*, int, int, int, double, double, double, double) [clone .kd]",2,0,1317,4124249,4124249,134217728,256,0,0,20,20,32,64,"0x0","0x7fcdda2618c0",1699486.25,1039014.375,1770536,1367188,1616926146901571,1616926147509883,1616926150454361,1616926150533208,2944478
442,"void laplacian_kernel<double>(double*, double const*, int, int, int, double, double, double, double) [clone .kd]",2,0,1320,4124249,4124249,134217728,256,0,0,20,20,32,64,"0x0","0x7fcdda2618c0",1697379.5625,1039030.4375,1766435,1371358,1616926150556362,1616926151171880,1616926154109958,1616926154189232,2938078
443,"void laplacian_kernel<double>(double*, double const*, int, int, int, double, double, double, double) [clone .kd]",2,0,1323,4124249,4124249,134217728,256,0,0,20,20,32,64,"0x0","0x7fcdda2618c0",1697212.875,1039002.4375,1768313,1369418,1616926154217905,1616926154829278,1616926157779195,1616926157857919,2949917
444,"void laplacian_kernel<double>(double*, double const*, int, int, int, double, double, double, double) [clone .kd]",2,0,1326,4124249,4124249,134217728,256,0,0,20,20,32,64,"0x0","0x7fcdda2618c0",1697674,1039018.125,1768786,1369090,1616926157894216,1616926158498355,1616926161451153,1616926161530012,2952798
445,"void laplacian_kernel<double>(double*, double const*, int, int, int, double, double, double, double) [clone .kd]",2,0,1329,4124249,4124249,134217728,256,0,0,20,20,32,64,"0x0","0x7fcdda2618c0",1695030.625,1039025.375,1768171,1369641,1616926161550691,1616926162184592,1616926165126190,1616926165128188,2941598
446,"void laplacian_kernel<double>(double*, double const*, int, int, int, double, double, double, double) [clone .kd]",2,0,1332,4124249,4124249,134217728,256,0,0,20,20,32,64,"0x0","0x7fcdda2618c0",1705472.6875,1039021.8125,1767108,1370704,1616926165415804,1616926165837389,1616926168781867,1616926168783710,2944478
447,"void laplacian_kernel<double>(double*, double const*, int, int, int, double, double, double, double) [clone .kd]",2,0,1335,4124249,4124249,134217728,256,0,0,20,20,32,64,"0x0","0x7fcdda2618c0",1698282.9375,1039050.875,1767407,1370415,1616926169076105,1616926169491095,1616926172435733,1616926172437750,2944638
448,"void laplacian_kernel<double>(double*, double const*, int, int, int, double, double, double, double) [clone .kd]",2,0,1338,4124249,4124249,134217728,256,0,0,20,20,32,64,"0x0","0x7fcdda2618c0",1697377.1875,1039044.4375,1767675,1370168,1616926172731978,1616926173144533,1616926176087091,1616926176089125,2942558
449,"void laplacian_kernel<double>(double*, double const*, int, int, int, double, double, double, double) [clone .kd]",2,0,1341,4124249,4124249,134217728,256,0,0,20,20,32,64,"0x0","0x7fcdda2618c0",1695687.3125,1039021.75,1767890,1369888,1616926176383083,1616926176792851,1616926179735569,1616926179809578,2942718
450,"void laplacian_kernel<double>(double*, double const*, int, int, int, double, double, double, double) [clone .kd]",2,0,1344,4124249,4124249,134217728,256,0,0,20,20,32,64,"0x0","0x7fcdda2618c0",1708941.5,1039026.3125,1768890,1368804,1616926183814411,1616926184232326,1616926187166085,1616926187243372,2933759
451,"void laplacian_kernel<double>(double*, double const*, int, int, int, double, double, double, double) [clone .kd]",2,0,1347,4124249,4124249,134217728,256,0,0,20,20,32,64,"0x0","0x7fcdda2618c0",1702904.3125,1039019.5625,1768496,1369194,1616926187267887,1616926187884524,1616926190825642,1616926190906568,2941118
452,"void laplacian_kernel<double>(double*, double const*, int, int, int, double, double, double, double) [clone .kd]",2,0,1350,4124249,4124249,134217728,256,0,0,20,20,32,64,"0x0","0x7fcdda2618c0",1717034.9375,1039010.6875,1770505,1367411,1616926190928830,1616926191565602,1616926194508160,1616926194587849,2942558
453,"void laplacian_kernel<double>(double*, double const*, int, int, int, double, double, double, double) [clone .kd]",2,0,1353,4124249,4124249,134217728,256,0,0,20,20,32,64,"0x0","0x7fcdda2618c0",1703111.0625,1039037.625,1766765,1371052,1616926194617474,1616926195256200,1616926198200518,1616926198280250,2944318
454,"void laplacian_kernel<double>(double*, double const*, int, int, int, double, double, double, double) [clone .kd]",2,0,1356,4124249,4124249,134217728,256,0,0,20,20,32,64,"0x0","0x7fcdda2618c0",1700603.875,1039021.9375,1764514,1373302,1616926198301109,1616926198913038,1616926201848716,1616926201927998,2935678
455,"void laplacian_kernel<double>(double*, double const*, int, int, int, double, double, double, double) [clone .kd]",2,0,1359,4124249,4124249,134217728,256,0,0,20,20,32,64,"0x0","0x7fcdda2618c0",1700603.0625,1039030.875,1772869,1364977,1616926201948917,1616926202580115,1616926205522994,1616926205601644,2942879
456,"void laplacian_kernel<double>(double*, double const*, int, int, int, double, double, double, double) [clone .kd]",2,0,1362,4124249,4124249,134217728,256,0,0,20,20,32,64,"0x0","0x7fcdda2618c0",1695935.3125,1039040.8125,1765670,1372165,1616926205625198,1616926206249393,1616926209188591,1616926209267576,2939198
457,"void laplacian_kernel<double>(double*, double const*, int, int, int, double, double, double, double) [clone .kd]",2,0,1365,4124249,4124249,134217728,256,0,0,20,20,32,64,"0x0","0x7fcdda2618c0",1705668.6875,1039032.3125,1762350,1375468,1616926209290969,1616926209905791,1616926212847549,1616926212926715,2941758
458,"void laplacian_kernel<double>(double*, double const*, int, int, int, double, double, double, double) [clone .kd]",2,0,1368,4124249,4124249,134217728,256,0,0,20,20,32,64,"0x0","0x7fcdda2618c0",1699010,1039029.4375,1768125,1369621,1616926212955388,1616926213578789,1616926216528867,1616926216607384,2950078
459,"void laplacian_kernel<double>(double*, double const*, int, int, int, double, double, double, double) [clone .kd]",2,0,1371,4124249,4124249,134217728,256,0,0,20,20,32,64,"0x0","0x7fcdda2618c0",1696219,1039024.34375,1766235,1371485,1616926216629536,1616926217248946,1616926220205585,1616926220284246,2956639
460,"void laplacian_kernel<double>(double*, double const*, int, int, int, double, double, double, double) [clone .kd]",2,0,1374,4124249,4124249,134217728,256,0,0,20,20,32,64,"0x0","0x7fcdda2618c0",1697600.4375,1039008.3125,1768020,1369746,1616926220307059,1616926220911104,1616926223861982,1616926223940681,2950878
461,"void laplacian_kernel<double>(double*, double const*, int, int, int, double, double, double, double) [clone .kd]",2,0,1377,4124249,4124249,134217728,256,0,0,20,20,32,64,"0x0","0x7fcdda2618c0",1702671.9375,1039001.9375,1768641,1369152,1616926223964014,1616926224582942,1616926227539900,1616926227619356,2956958
462,"void laplacian_kernel<double>(double*, double const*, int, int, int, double, double, double, double) [clone .kd]",2,0,1380,4124249,4124249,134217728,256,0,0,20,20,32,64,"0x0","0x7fcdda2618c0",1698936.9375,1039032.3125,1765625,1372094,1616926227642249,1616926228278260,1616926231224498,1616926231303602,2946238
463,"void laplacian_kernel<double>(double*, double const*, int, int, int, double, double, double, double) [clone .kd]",2,0,1383,4124249,4124249,134217728,256,0,0,20,20,32,64,"0x0","0x7fcdda2618c0",1701291.75,1039037.125,1768238,1369537,1616926231324832,1616926231934514,1616926234867953,1616926234957111,2933439
464,"void laplacian_kernel<double>(double*, double const*, int, int, int, double, double, double, double) [clone .kd]",2,0,1386,4124249,4124249,134217728,256,0,0,20,20,32,64,"0x0","0x7fcdda2618c0",1701302.8125,1039006.875,1765974,1371827,1616926234978090,1616926235596751,1616926238544909,1616926238624185,2948158
465,"void laplacian_kernel<double>(double*, double const*, int, int, int, double, double, double, double) [clone .kd]",2,0,1389,4124249,4124249,134217728,256,0,0,20,20,32,64,"0x0","0x7fcdda2618c0",1698302.0625,1039011.5,1771168,1366604,1616926238647468,1616926239260469,1616926242210067,1616926242289736,2949598
466,"void laplacian_kernel<double>(double*, double const*, int, int, int, double, double, double, double) [clone .kd]",2,0,1392,4124249,4124249,134217728,256,0,0,20,20,32,64,"0x0","0x7fcdda2618c0",1696195,1039039.375,1768184,1369579,1616926242312929,1616926242917826,1616926245858464,1616926245940379,2940638
467,"void laplacian_kernel<double>(double*, double const*, int, int, int, double, double, double, double) [clone .kd]",2,0,1395,4124249,4124249,134217728,256,0,0,20,20,32,64,"0x0","0x7fcdda2618c0",1696980,1039009.6875,1769810,1367941,1616926245962130,1616926246571424,1616926249525502,1616926249605850,2954078
468,"void laplacian_kernel<double>(double*, double const*, int, int, int, double, double, double, double) [clone .kd]",2,0,1398,4124249,4124249,134217728,256,0,0,20,20,32,64,"0x0","0x7fcdda2618c0",1698353.625,1038994.3125,1767344,1370529,1616926249625717,1616926250230661,1616926253174180,1616926253252186,2943519
469,"void laplacian_kernel<double>(double*, double const*, int, int, int, double, double, double, double) [clone .kd]",2,0,1401,4124249,4124249,134217728,256,0,0,20,20,32,64,"0x0","0x7fcdda2618c0",1696558.375,1039026.75,1769216,1368556,1616926253273996,1616926253879299,1616926256828737,1616926256907478,2949438
470,"void laplacian_kernel<double>(double*, double const*, int, int, int, double, double, double, double) [clone .kd]",2,0,1404,4124249,4124249,134217728,256,0,0,20,20,32,64,"0x0","0x7fcdda2618c0",1696537.4375,1039021.625,1768205,1369559,1616926256930080,1616926257551057,1616926260504335,1616926260582085,2953278
471,"void laplacian_kernel<double>(double*, double const*, int, int, int, double, double, double, double) [clone .kd]",2,0,1407,4124249,4124249,134217728,256,0,0,20,20,32,64,"0x0","0x7fcdda2618c0",1700025.0625,1038994.1875,1765695,1372148,1616926260604437,1616926261205454,1616926264157132,1616926264234903,2951678
472,"void laplacian_kernel<double>(double*, double const*, int, int, int, double, double, double, double) [clone .kd]",2,0,1410,4124249,4124249,134217728,256,0,0,20,20,32,64,"0x0","0x7fcdda2618c0",1705964.1875,1038998.9375,1768586,1369237,1616926264256443,1616926264868732,1616926267814490,1616926267893000,2945758
473,"void laplacian_kernel<double>(double*, double const*, int, int, int, double, double, double, double) [clone .kd]",2,0,1413,4124249,4124249,134217728,256,0,0,20,20,32,64,"0x0","0x7fcdda2618c0",1697624.5625,1039005.9375,1766914,1370863,1616926267913629,1616926268557089,1616926271506048,1616926271584670,2948959
474,"void laplacian_kernel<double>(double*, double const*, int, int, int, double, double, double, double) [clone .kd]",2,0,1416,4124249,4124249,134217728,256,0,0,20,20,32,64,"0x0","0x7fcdda2618c0",1697231.5625,1039046.0625,1764345,1373448,1616926271605629,1616926272348207,1616926275290445,1616926275370044,2942238
475,"void laplacian_kernel<double>(double*, double const*, int, int, int, double, double, double, double) [clone .kd]",2,0,1419,4124249,4124249,134217728,256,0,0,20,20,32,64,"0x0","0x7fcdda2618c0",1699343.3125,1039016.8125,1766314,1371473,1616926275393328,1616926276004845,1616926278942123,1616926278943904,2937278
476,"void laplacian_kernel<double>(double*, double const*, int, int, int, double, double, double, double) [clone .kd]",2,0,1422,4124249,4124249,134217728,256,0,0,20,20,32,64,"0x0","0x7fcdda2618c0",1696144.3125,1039021.1875,1769118,1368665,1616926279234446,1616926279655082,1616926282601640,1616926282682833,2946558
477,"void laplacian_kernel<double>(double*, double const*, int, int, int, double, double, double, double) [clone .kd]",2,0,1425,4124249,4124249,134217728,256,0,0,20,20,32,64,"0x0","0x7fcdda2618c0",1701455.125,1039036.8125,1765756,1372040,1616926282705144,1616926283321720,1616926286270518,1616926286349586,2948798
478,"void laplacian_kernel<double>(double*, double const*, int, int, int, double, double, double, double) [clone .kd]",2,0,1428,4124249,4124249,134217728,256,0,0,20,20,32,64,"0x0","0x7fcdda2618c0",1698849.5625,1039041.9375,1762036,1375712,1616926286371837,1616926286997317,1616926289934435,1616926289936020,2937118
479,"void laplacian_kernel<double>(double*, double const*, int, int, int, double, double, double, double) [clone .kd]",2,0,1431,4124249,4124249,134217728,256,0,0,20,20,32,64,"0x0","0x7fcdda2618c0",1697661.875,1039042.1875,1768466,1369283,1616926290241810,1616926290659235,1616926293605793,1616926293684986,2946558
480,"void laplacian_kernel<double>(double*, double const*, int, int, int, double, double, double, double) [clone .kd]",2,0,1434,4124249,4124249,134217728,256,0,0,20,20,32,64,"0x0","0x7fcdda2618c0",1702499.625,1039012.875,1768657,1369154,1616926293708210,1616926294310513,1616926297257231,1616926297336010,2946718
481,"void laplacian_kernel<double>(double*, double const*, int, int, int, double, double, double, double) [clone .kd]",2,0,1437,4124249,4124249,134217728,256,0,0,20,20,32,64,"0x0","0x7fcdda2618c0",1701510.9375,1038994.9375,1767007,1370787,1616926297358322,1616926297958019,1616926300893697,1616926300981093,2935678
482,"void laplacian_kernel<double>(double*, double const*, int, int, int, double, double, double, double) [clone .kd]",2,0,1440,4124249,4124249,134217728,256,0,0,20,20,32,64,"0x0","0x7fcdda2618c0",1697902.875,1039019.6875,1770289,1367447,1616926301006851,1616926301612175,1616926304564173,1616926304641845,2951998
483,"void laplacian_kernel<double>(double*, double const*, int, int, int, double, double, double, double) [clone .kd]",2,0,1443,4124249,4124249,134217728,256,0,0,20,20,32,64,"0x0","0x7fcdda2618c0",1699481.6875,1039007.625,1769250,1368562,1616926304666602,1616926305276412,1616926308228250,1616926308306785,2951838
484,"void laplacian_kernel<double>(double*, double const*, int, int, int, double, double, double, double) [clone .kd]",2,0,1446,4124249,4124249,134217728,256,0,0,20,20,32,64,"0x0","0x7fcdda2618c0",1700860.5625,1039034.3125,1767365,1370430,1616926308328005,1616926308945610,1616926311880808,1616926311958451,2935198
485,"void laplacian_kernel<double>(double*, double const*, int, int, int, double, double, double, double) [clone .kd]",2,0,1449,4124249,4124249,134217728,256,0,0,20,20,32,64,"0x0","0x7fcdda2618c0",1699670.875,1039025.25,1766676,1371191,1616926311981624,1616926312635087,1616926315585165,1616926315661512,2950078
486,"void laplacian_kernel<double>(double*, double const*, int, int, int, double, double, double, double) [clone .kd]",2,0,1452,4124249,4124249,134217728,256,0,0,20,20,32,64,"0x0","0x7fcdda2618c0",1699365.3125,1039046.625,1735737,1402027,1616926315683763,1616926316306525,1616926319250683,1616926319329087,2944158
487,"void laplacian_kernel<double>(double*, double const*, int, int, int, double, double, double, double) [clone .kd]",2,0,1455,4124249,4124249,134217728,256,0,0,20,20,32,64,"0x0","0x7fcdda2618c0",1693421.5625,1038990.375,1756017,1381721,1616926319350296,1616926319972162,1616926322908320,1616926322986473,2936158
488,"void laplacian_kernel<double>(double*, double const*, int, int, int, double, double, double, double) [clone .kd]",2,0,1458,4124249,4124249,134217728,256,0,0,20,20,32,64,"0x0","0x7fcdda2618c0",1702364.4375,1039027.5,1763724,1373999,1616926323007732,1616926323628400,1616926326581998,1616926326583707,2953598
489,"void laplacian_kernel<double>(double*, double const*, int, int, int, double, double, double, double) [clone .kd]",2,0,1461,4124249,4124249,134217728,256,0,0,20,20,32,64,"0x0","0x7fcdda2618c0",1696332.1875,1039016.75,1762884,1374939,1616926326874268,1616926327292077,1616926330235595,1616926330314690,2943518
490,"void laplacian_kernel<double>(double*, double const*, int, int, int, double, double, double, double) [clone .kd]",2,0,1464,4124249,4124249,134217728,256,0,0,20,20,32,64,"0x0","0x7fcdda2618c0",1698018.125,1039028.375,1765776,1372048,1616926330336711,1616926330948115,1616926333895952,1616926333974961,2947837
491,"void laplacian_kernel<double>(double*, double const*, int, int, int, double, double, double, double) [clone .kd]",2,0,1467,4124249,4124249,134217728,256,0,0,20,20,32,64,"0x0","0x7fcdda2618c0",1698434.0625,1039027.875,1766026,1371790,1616926333998414,1616926334640392,1616926337587590,1616926337668754,2947198
492,"void laplacian_kernel<double>(double*, double const*, int, int, int, double, double, double, double) [clone .kd]",2,0,1470,4124249,4124249,134217728,256,0,0,20,20,32,64,"0x0","0x7fcdda2618c0",1701609.3125,1039024.375,1766379,1371442,1616926337691757,1616926338307229,1616926341251227,1616926341252854,2943998
493,"void laplacian_kernel<double>(double*, double const*, int, int, int, double, double, double, double) [clone .kd]",2,0,1473,4124249,4124249,134217728,256,0,0,20,20,32,64,"0x0","0x7fcdda2618c0",1703526.0625,1039034.6875,1767266,1370555,1616926341538496,1616926341964187,1616926344909625,1616926344987524,2945438
494,"void laplacian_kernel<double>(double*, double const*, int, int, int, double, double, double, double) [clone .kd]",2,0,1476,4124249,4124249,134217728,256,0,0,20,20,32,64,"0x0","0x7fcdda2618c0",1700347,1039039.625,1767148,1370651,1616926345009445,1616926345637424,1616926348585902,1616926348662863,2948478
495,"void laplacian_kernel<double>(double*, double const*, int, int, int, double, double, double, double) [clone .kd]",2,0,1479,4124249,4124249,134217728,256,0,0,20,20,32,64,"0x0","0x7fcdda2618c0",1698301.1875,1039023.375,1770394,1367362,1616926348685996,1616926349311902,1616926352262300,1616926352264134,2950398
496,"void laplacian_kernel<double>(double*, double const*, int, int, int, double, double, double, double) [clone .kd]",2,0,1482,4124249,4124249,134217728,256,0,0,20,20,32,64,"0x0","0x7fcdda2618c0",1697145.375,1039018.25,1769102,1368655,1616926352557581,1616926352980219,1616926355914777,1616926355916811,2934558
497,"void laplacian_kernel<double>(double*, double const*, int, int, int, double, double, double, double) [clone .kd]",2,0,1485,4124249,4124249,134217728,256,0,0,20,20,32,64,"0x0","0x7fcdda2618c0",1694681.375,1039023.0625,1765213,1372591,1616926356222250,1616926356635417,1616926359579254,1616926359656721,2943837
498,"void laplacian_kernel<double>(double*, double const*, int, int, int, double, double, double, double) [clone .kd]",2,0,1488,4124249,4124249,134217728,256,0,0,20,20,32,64,"0x0","0x7fcdda2618c0",1698294.875,1039034.1875,1768800,1369047,1616926359676809,1616926360322774,1616926363269652,1616926363271508,2946878
499,"void laplacian_kernel<double>(double*, double const*, int, int, int, double, double, double, double) [clone .kd]",2,0,1491,4124249,4124249,134217728,256,0,0,20,20,32,64,"0x0","0x7fcdda2618c0",1702750.5625,1039029.625,1769265,1368542,1616926363560977,1616926363982277,1616926366938435,1616926367018601,2956158
500,"void laplacian_kernel<double>(double*, double const*, int, int, int, double, double, double, double) [clone .kd]",2,0,1494,4124249,4124249,134217728,256,0,0,20,20,32,64,"0x0","0x7fcdda2618c0",1700954.75,1039036,1768128,1369684,1616926367042205,1616926367677874,1616926370626192,1616926370707936,2948318
501,"void laplacian_kernel<double>(double*, double const*, int, int, int, double, double, double, double) [clone .kd]",2,0,1497,4124249,4124249,134217728,256,0,0,20,20,32,64,"0x0","0x7fcdda2618c0",1701086.75,1039038.0625,1768037,1369834,1616926370730538,1616926371347031,1616926374298069,1616926374377806,2951038
502,"void laplacian_kernel<double>(double*, double const*, int, int, int, double, double, double, double) [clone .kd]",2,0,1500,4124249,4124249,134217728,256,0,0,20,20,32,64,"0x0","0x7fcdda2618c0",1701350.625,1039017.5,1770187,1367542,1616926374405497,1616926375013189,1616926377957986,1616926378036744,2944797
503,"void laplacian_kernel<double>(double*, double const*, int, int, int, double, double, double, double) [clone .kd]",2,0,1503,4124249,4124249,134217728,256,0,0,20,20,32,64,"0x0","0x7fcdda2618c0",1697940.5,1039025.3125,1766060,1371718,1616926378057162,1616926378681186,1616926381631423,1616926381691285,2950237
504,"void laplacian_kernel<double>(double*, double const*, int, int, int, double, double, double, double) [clone .kd]",2,0,1506,4124249,4124249,134217728,256,0,0,20,20,32,64,"0x0","0x7fcdda2618c0",1698361.5,1039016.6875,1769113,1368736,1616926381936562,1616926382345023,1616926385295901,1616926385373958,2950878
505,"void laplacian_kernel<double>(double*, double const*, int, int, int, double, double, double, double) [clone .kd]",2,0,1509,4124249,4124249,134217728,256,0,0,20,20,32,64,"0x0","0x7fcdda2618c0",1695431.5,1039049.1875,1767564,1370197,1616926385396570,1616926386000500,1616926388957938,1616926389035662,2957438
506,"void laplacian_kernel<double>(double*, double const*, int, int, int, double, double, double, double) [clone .kd]",2,0,1512,4124249,4124249,134217728,256,0,0,20,20,32,64,"0x0","0x7fcdda2618c0",1698332.0625,1039036.5,1763341,1374450,1616926389059196,1616926389669617,1616926392619055,1616926392676186,2949438
507,"void laplacian_kernel<double>(double*, double const*, int, int, int, double, double, double, double) [clone .kd]",2,0,1515,4124249,4124249,134217728,256,0,0,20,20,32,64,"0x0","0x7fcdda2618c0",1698091.3125,1039008.25,1770742,1367019,1616926392918408,1616926393337934,1616926396290412,1616926396292696,2952478
508,"void laplacian_kernel<double>(double*, double const*, int, int, int, double, double, double, double) [clone .kd]",2,0,1518,4124249,4124249,134217728,256,0,0,20,20,32,64,"0x0","0x7fcdda2618c0",1713773.3125,1039042.6875,1765979,1371755,1616926397631511,1616926398038251,1616926400976648,1616926401030315,2938397
509,"void laplacian_kernel<double>(double*, double const*, int, int, int, double, double, double, double) [clone .kd]",2,0,1521,4124249,4124249,134217728,256,0,0,20,20,32,64,"0x0","0x7fcdda2618c0",1704534.875,1039017.875,1769126,1368624,1616926401265082,1616926401683208,1616926404626085,1616926404678924,2942877
510,"void laplacian_kernel<double>(double*, double const*, int, int, int, double, double, double, double) [clone .kd]",2,0,1524,4124249,4124249,134217728,256,0,0,20,20,32,64,"0x0","0x7fcdda2618c0",1698523.8125,1038993.125,1767365,1370414,1616926404930754,1616926405332645,1616926408281923,1616926408333886,2949278
511,"void laplacian_kernel<double>(double*, double const*, int, int, int, double, double, double, double) [clone .kd]",2,0,1527,4124249,4124249,134217728,256,0,0,20,20,32,64,"0x0","0x7fcdda2618c0",1702539.625,1039025,1766087,1371683,1616926408576087,1616926408992962,1616926411950720,1616926411952900,2957758
512,"void laplacian_kernel<double>(double*, double const*, int, int, int, double, double, double, double) [clone .kd]",2,0,1530,4124249,4124249,134217728,256,0,0,20,20,32,64,"0x0","0x7fcdda2618c0",1696323.5,1039022.375,1767933,1369882,1616926412254252,1616926412665439,1616926415613597,1616926415615897,2948158
513,"void laplacian_kernel<double>(double*, double const*, int, int, int, double, double, double, double) [clone .kd]",2,0,1533,4124249,4124249,134217728,256,0,0,20,20,32,64,"0x0","0x7fcdda2618c0",1696346.4375,1039031.4375,1769860,1367913,1616926415898784,1616926416321916,1616926419269754,1616926419324328,2947838
514,"void laplacian_kernel<double>(double*, double const*, int, int, int, double, double, double, double) [clone .kd]",2,0,1536,4124249,4124249,134217728,256,0,0,20,20,32,64,"0x0","0x7fcdda2618c0",1698837.75,1039022.3125,1768494,1369287,1616926419557843,1616926419972633,1616926422918231,1616926422971415,2945598
515,"void laplacian_kernel<double>(double*, double const*, int, int, int, double, double, double, double) [clone .kd]",2,0,1539,4124249,4124249,134217728,256,0,0,20,20,32,64,"0x0","0x7fcdda2618c0",1700109.5625,1038999.5,1769175,1368552,1616926423211582,1616926423623730,1616926426573968,1616926426633900,2950238
516,"void laplacian_kernel<double>(double*, double const*, int, int, int, double, double, double, double) [clone .kd]",2,0,1542,4124249,4124249,134217728,256,0,0,20,20,32,64,"0x0","0x7fcdda2618c0",1699443.375,1039021.0625,1766212,1371623,1616926426867285,1616926427286766,1616926430246124,1616926430299391,2959358
517,"void laplacian_kernel<double>(double*, double const*, int, int, int, double, double, double, double) [clone .kd]",2,0,1545,4124249,4124249,134217728,256,0,0,20,20,32,64,"0x0","0x7fcdda2618c0",1696750.625,1039014.125,1768304,1369524,1616926430543426,1616926430952683,1616926433901641,1616926433954262,2948958
518,"void laplacian_kernel<double>(double*, double const*, int, int, int, double, double, double, double) [clone .kd]",2,0,1548,4124249,4124249,134217728,256,0,0,20,20,32,64,"0x0","0x7fcdda2618c0",1699397.375,1039017.75,1770872,1366931,1616926434193518,1616926434605480,1616926437560998,1616926437562807,2955518
519,"void laplacian_kernel<double>(double*, double const*, int, int, int, double, double, double, double) [clone .kd]",2,0,1551,4124249,4124249,134217728,256,0,0,20,20,32,64,"0x0","0x7fcdda2618c0",1696257.25,1039006.4375,1768909,1368840,1616926437855793,1616926438266278,1616926441209635,1616926441287208,2943357
520,"void laplacian_kernel<double>(double*, double const*, int, int, int, double, double, double, double) [clone .kd]",2,0,1554,4124249,4124249,134217728,256,0,0,20,20,32,64,"0x0","0x7fcdda2618c0",1701483.9375,1038989.8125,1767802,1369985,1616926441310591,1616926441921715,1616926444874993,1616926444951757,2953278
521,"void laplacian_kernel<double>(double*, double const*, int, int, int, double, double, double, double) [clone .kd]",2,0,1557,4124249,4124249,134217728,256,0,0,20,20,32,64,"0x0","0x7fcdda2618c0",1700051.5625,1039030.1875,1766651,1371149,1616926444973668,1616926445589712,1616926448542030,1616926448619252,2952318
522,"void laplacian_kernel<double>(double*, double const*, int, int, int, double, double, double, double) [clone .kd]",2,0,1560,4124249,4124249,134217728,256,0,0,20,20,32,64,"0x0","0x7fcdda2618c0",1704739.25,1039015.75,1766912,1370924,1616926448648777,1616926449269229,1616926452214027,1616926452288821,2944798
523,"void laplacian_kernel<double>(double*, double const*, int, int, int, double, double, double, double) [clone .kd]",2,0,1563,4124249,4124249,134217728,256,0,0,20,20,32,64,"0x0","0x7fcdda2618c0",1701601.875,1039019.25,1767459,1370326,1616926452318737,1616926452933427,1616926455869744,1616926455945175,2936317
524,"void laplacian_kernel<double>(double*, double const*, int, int, int, double, double, double, double) [clone .kd]",2,0,1566,4124249,4124249,134217728,256,0,0,20,20,32,64,"0x0","0x7fcdda2618c0",1699759.0625,1039025.9375,1767414,1370397,1616926455970492,1616926456616984,1616926459565302,1616926459641883,2948318
525,"void laplacian_kernel<double>(double*, double const*, int, int, int, double, double, double, double) [clone .kd]",2,0,1569,4124249,4124249,134217728,256,0,0,20,20,32,64,"0x0","0x7fcdda2618c0",1700347.125,1039026.625,1768996,1368790,1616926459666960,1616926460289181,1616926463235899,1616926463313636,2946718
526,"void laplacian_kernel<double>(double*, double const*, int, int, int, double, double, double, double) [clone .kd]",2,0,1572,4124249,4124249,134217728,256,0,0,20,20,32,64,"0x0","0x7fcdda2618c0",1703649,1039029.125,1767250,1370551,1616926463336719,1616926463945138,1616926466884816,1616926466886835,2939678
527,"void laplacian_kernel<double>(double*, double const*, int, int, int, double, double, double, double) [clone .kd]",2,0,1575,4124249,4124249,134217728,256,0,0,20,20,32,64,"0x0","0x7fcdda2618c0",1703563.3125,1039003.125,1768324,1369486,1616926467180192,1616926467599696,1616926470552013,1616926470631434,2952317
528,"void laplacian_kernel<double>(double*, double const*, int, int, int, double, double, double, double) [clone .kd]",2,0,1578,4124249,4124249,134217728,256,0,0,20,20,32,64,"0x0","0x7fcdda2618c0",1698143.4375,1039037.0625,1765613,1372209,1616926470653525,1616926471266973,1616926474215611,1616926474294641,2948638
529,"void laplacian_kernel<double>(double*, double const*, int, int, int, double, double, double, double) [clone .kd]",2,0,1581,4124249,4124249,134217728,256,0,0,20,20,32,64,"0x0","0x7fcdda2618c0",1699677.5,1039034.1875,1767910,1369864,1616926474317173,1616926474939850,1616926477881608,1616926477960262,2941758
530,"void laplacian_kernel<double>(double*, double const*, int, int, int, double, double, double, double) [clone .kd]",2,0,1584,4124249,4124249,134217728,256,0,0,20,20,32,64,"0x0","0x7fcdda2618c0",1698965.375,1039029.5625,1769193,1368687,1616926477983545,1616926478594527,1616926481541885,1616926481621074,2947358
531,"void laplacian_kernel<double>(double*, double const*, int, int, int, double, double, double, double) [clone .kd]",2,0,1587,4124249,4124249,134217728,256,0,0,20,20,32,64,"0x0","0x7fcdda2618c0",1701637.5,1039042.1875,1766607,1371171,1616926481643496,1616926482265284,1616926485218882,1616926485298347,2953598
532,"void laplacian_kernel<double>(double*, double const*, int, int, int, double, double, double, double) [clone .kd]",2,0,1590,4124249,4124249,134217728,256,0,0,20,20,32,64,"0x0","0x7fcdda2618c0",1700339.625,1039026.5625,1768630,1369170,1616926485318164,1616926485935522,1616926488886879,1616926488966964,2951357
533,"void laplacian_kernel<double>(double*, double const*, int, int, int, double, double, double, double) [clone .kd]",2,0,1593,4124249,4124249,134217728,256,0,0,20,20,32,64,"0x0","0x7fcdda2618c0",1701695.375,1039018,1768094,1369710,1616926488986560,1616926489615786,1616926492569384,1616926492656520,2953598
534,"void laplacian_kernel<double>(double*, double const*, int, int, int, double, double, double, double) [clone .kd]",2,0,1596,4124249,4124249,134217728,256,0,0,20,20,32,64,"0x0","0x7fcdda2618c0",1701172.25,1039025.5625,1767769,1369991,1616926492684061,1616926493295262,1616926496243100,1616926496321500,2947838
535,"void laplacian_kernel<double>(double*, double const*, int, int, int, double, double, double, double) [clone .kd]",2,0,1599,4124249,4124249,134217728,256,0,0,20,20,32,64,"0x0","0x7fcdda2618c0",1702563.6875,1039024.5,1767351,1370424,1616926496346867,1616926496971100,1616926499913497,1616926499988574,2942397
536,"void laplacian_kernel<double>(double*, double const*, int, int, int, double, double, double, double) [clone .kd]",2,0,1602,4124249,4124249,134217728,256,0,0,20,20,32,64,"0x0","0x7fcdda2618c0",1699339.4375,1039035.4375,1767439,1370296,1616926500021435,1616926500643777,1616926503600575,1616926503675335,2956798
537,"void laplacian_kernel<double>(double*, double const*, int, int, int, double, double, double, double) [clone .kd]",2,0,1605,4124249,4124249,134217728,256,0,0,20,20,32,64,"0x0","0x7fcdda2618c0",1694226.1875,1039025.0625,1766550,1371229,1616926503705431,1616926504323614,1616926507264252,1616926507266086,2940638
538,"void laplacian_kernel<double>(double*, double const*, int, int, int, double, double, double, double) [clone .kd]",2,0,1608,4124249,4124249,134217728,256,0,0,20,20,32,64,"0x0","0x7fcdda2618c0",1711108.625,1039041.9375,1770030,1367878,1616926507572908,1616926507983612,1616926510917850,1616926510998432,2934238
539,"void laplacian_kernel<double>(double*, double const*, int, int, int, double, double, double, double) [clone .kd]",2,0,1611,4124249,4124249,134217728,256,0,0,20,20,32,64,"0x0","0x7fcdda2618c0",1704255.5,1039028.5,1768210,1369578,1616926511022497,1616926511628969,1616926514582247,1616926514662480,2953278
540,"void laplacian_kernel<double>(double*, double const*, int, int, int, double, double, double, double) [clone .kd]",2,0,1614,4124249,4124249,134217728,256,0,0,20,20,32,64,"0x0","0x7fcdda2618c0",1699220.3125,1039028.25,1771076,1366766,1616926514688248,1616926515294327,1616926518242805,1616926518321389,2948478
541,"void laplacian_kernel<double>(double*, double const*, int, int, int, double, double, double, double) [clone .kd]",2,0,1617,4124249,4124249,134217728,256,0,0,20,20,32,64,"0x0","0x7fcdda2618c0",1702128.9375,1039008.25,1765365,1372500,1616926518345023,1616926518956964,1616926521905122,1616926521983824,2948158
542,"void laplacian_kernel<double>(double*, double const*, int, int, int, double, double, double, double) [clone .kd]",2,0,1620,4124249,4124249,134217728,256,0,0,20,20,32,64,"0x0","0x7fcdda2618c0",1700325.0625,1039033.625,1768550,1369229,1616926522004783,1616926522615322,1616926525566680,1616926525645398,2951358
543,"void laplacian_kernel<double>(double*, double const*, int, int, int, double, double, double, double) [clone .kd]",2,0,1623,4124249,4124249,134217728,256,0,0,20,20,32,64,"0x0","0x7fcdda2618c0",1699375.9375,1039004.1875,1768078,1369697,1616926525668271,1616926526277079,1616926529224117,1616926529303546,2947038
544,"void laplacian_kernel<double>(double*, double const*, int, int, int, double, double, double, double) [clone .kd]",2,0,1626,4124249,4124249,134217728,256,0,0,20,20,32,64,"0x0","0x7fcdda2618c0",1699521.125,1039011.4375,1767075,1370706,1616926529328642,1616926529931637,1616926532877395,1616926532955681,2945758
545,"void laplacian_kernel<double>(double*, double const*, int, int, int, double, double, double, double) [clone .kd]",2,0,1629,4124249,4124249,134217728,256,0,0,20,20,32,64,"0x0","0x7fcdda2618c0",1699955.25,1039049.5,1765783,1371985,1616926532981700,1616926533603994,1616926536556632,1616926536634166,2952638
546,"void laplacian_kernel<double>(double*, double const*, int, int, int, double, double, double, double) [clone .kd]",2,0,1632,4124249,4124249,134217728,256,0,0,20,20,32,64,"0x0","0x7fcdda2618c0",1694755.6875,1039037.0625,1768904,1368860,1616926536656107,1616926537284752,1616926540234670,1616926540312692,2949918
547,"void laplacian_kernel<double>(double*, double const*, int, int, int, double, double, double, double) [clone .kd]",2,0,1635,4124249,4124249,134217728,256,0,0,20,20,32,64,"0x0","0x7fcdda2618c0",1701001.1875,1039009.5625,1769854,1367935,1616926540333471,1616926540942909,1616926543880187,1616926543957013,2937278
548,"void laplacian_kernel<double>(double*, double const*, int, int, int, double, double, double, double) [clone .kd]",2,0,1638,4124249,4124249,134217728,256,0,0,20,20,32,64,"0x0","0x7fcdda2618c0",1696378.0625,1039024.25,1767710,1370048,1616926543979245,1616926544608787,1616926547555665,1616926547634166,2946878
549,"void laplacian_kernel<double>(double*, double const*, int, int, int, double, double, double, double) [clone .kd]",2,0,1641,4124249,4124249,134217728,256,0,0,20,20,32,64,"0x0","0x7fcdda2618c0",1697328.6875,1039035.75,1766629,1371113,1616926547657931,1616926548278064,1616926551225262,1616926551302232,2947198
550,"void laplacian_kernel<double>(double*, double const*, int, int, int, double, double, double, double) [clone .kd]",2,0,1644,4124249,4124249,134217728,256,0,0,20,20,32,64,"0x0","0x7fcdda2618c0",1699755.875,1039030.875,1768116,1369718,1616926551325275,1616926551930942,1616926554880540,1616926554960960,2949598
551,"void laplacian_kernel<double>(double*, double const*, int, int, int, double, double, double, double) [clone .kd]",2,0,1647,4124249,4124249,134217728,256,0,0,20,20,32,64,"0x0","0x7fcdda2618c0",1696509.5,1039038.8125,1767957,1369831,1616926554983442,1616926555603222,1616926558552661,1616926558640377,2949439
552,"void laplacian_kernel<double>(double*, double const*, int, int, int, double, double, double, double) [clone .kd]",2,0,1650,4124249,4124249,134217728,256,0,0,20,20,32,64,"0x0","0x7fcdda2618c0",1700522.5,1038990.9375,1767680,1370113,1616926558672117,1616926559290899,1616926562235217,1616926562315055,2944318
553,"void laplacian_kernel<double>(double*, double const*, int, int, int, double, double, double, double) [clone .kd]",2,0,1653,4124249,4124249,134217728,256,0,0,20,20,32,64,"0x0","0x7fcdda2618c0",1701461.875,1039029.3125,1768618,1369194,1616926562335454,1616926562946337,1616926565878975,1616926565958005,2932638
554,"void laplacian_kernel<double>(double*, double const*, int, int, int, double, double, double, double) [clone .kd]",2,0,1656,4124249,4124249,134217728,256,0,0,20,20,32,64,"0x0","0x7fcdda2618c0",1695446.375,1039038.9375,1767650,1370142,1616926565981358,1616926566590894,1616926569544332,1616926569623736,2953438
555,"void laplacian_kernel<double>(double*, double const*, int, int, int, double, double, double, double) [clone .kd]",2,0,1659,4124249,4124249,134217728,256,0,0,20,20,32,64,"0x0","0x7fcdda2618c0",1713190.5625,1039009.5,1765377,1372360,1616926569646809,1616926570279932,1616926573235290,1616926573313813,2955358
556,"void laplacian_kernel<double>(double*, double const*, int, int, int, double, double, double, double) [clone .kd]",2,0,1662,4124249,4124249,134217728,256,0,0,20,20,32,64,"0x0","0x7fcdda2618c0",1703793,1039044.4375,1766594,1371222,1616926573337898,1616926573954809,1616926576906168,1616926576986057,2951359
557,"void laplacian_kernel<double>(double*, double const*, int, int, int, double, double, double, double) [clone .kd]",2,0,1665,4124249,4124249,134217728,256,0,0,20,20,32,64,"0x0","0x7fcdda2618c0",1698985.8125,1039038.875,1766959,1370788,1616926577006865,1616926577615687,1616926580565605,1616926580644594,2949918
558,"void laplacian_kernel<double>(double*, double const*, int, int, int, double, double, double, double) [clone .kd]",2,0,1668,4124249,4124249,134217728,256,0,0,20,20,32,64,"0x0","0x7fcdda2618c0",1698707.4375,1039048.3125,1765583,1372289,1616926580666425,1616926581297925,1616926584248163,1616926584325604,2950238
559,"void laplacian_kernel<double>(double*, double const*, int, int, int, double, double, double, double) [clone .kd]",2,0,1671,4124249,4124249,134217728,256,0,0,20,20,32,64,"0x0","0x7fcdda2618c0",1703098.875,1039040.9375,1768348,1369440,1616926584349058,1616926584959122,1616926587901040,1616926587978602,2941918
560,"void laplacian_kernel<double>(double*, double const*, int, int, int, double, double, double, double) [clone .kd]",2,0,1674,4124249,4124249,134217728,256,0,0,20,20,32,64,"0x0","0x7fcdda2618c0",1698410.5625,1039047.0625,1767049,1370742,1616926588009871,1616926588621480,1616926591570598,1616926591649112,2949118
561,"void laplacian_kernel<double>(double*, double const*, int, int, int, double, double, double, double) [clone .kd]",2,0,1677,4124249,4124249,134217728,256,0,0,20,20,32,64,"0x0","0x7fcdda2618c0",1701359.125,1039019.8125,1770260,1367526,1616926591677425,1616926592291277,1616926595236556,1616926595315055,2945279
562,"void laplacian_kernel<double>(double*, double const*, int, int, int, double, double, double, double) [clone .kd]",2,0,1680,4124249,4124249,134217728,256,0,0,20,20,32,64,"0x0","0x7fcdda2618c0",1702632.5625,1039006.375,1764553,1373256,1616926595336575,1616926595953515,1616926598893353,1616926598974865,2939838
563,"void laplacian_kernel<double>(double*, double const*, int, int, int, double, double, double, double) [clone .kd]",2,0,1683,4124249,4124249,134217728,256,0,0,20,20,32,64,"0x0","0x7fcdda2618c0",1699099.4375,1039024.1875,1767130,1370637,1616926598996585,1616926599625593,1616926602576631,1616926602655854,2951038
564,"void laplacian_kernel<double>(double*, double const*, int, int, int, double, double, double, double) [clone .kd]",2,0,1686,4124249,4124249,134217728,256,0,0,20,20,32,64,"0x0","0x7fcdda2618c0",1698189.875,1039041.96875,1764594,1373163,1616926602678437,1616926603310350,1616926606261068,1616926606341333,2950718
565,"void laplacian_kernel<double>(double*, double const*, int, int, int, double, double, double, double) [clone .kd]",2,0,1689,4124249,4124249,134217728,256,0,0,20,20,32,64,"0x0","0x7fcdda2618c0",1704414.875,1039016.3125,1767206,1370551,1616926606364917,1616926606980948,1616926609917266,1616926609919151,2936318
566,"void laplacian_kernel<double>(double*, double const*, int, int, int, double, double, double, double) [clone .kd]",2,0,1692,4124249,4124249,134217728,256,0,0,20,20,32,64,"0x0","0x7fcdda2618c0",1700192.0625,1039026.75,1766205,1371615,1616926610216304,1616926610638865,1616926613595183,1616926613673708,2956318
567,"void laplacian_kernel<double>(double*, double const*, int, int, int, double, double, double, double) [clone .kd]",2,0,1695,4124249,4124249,134217728,256,0,0,20,20,32,64,"0x0","0x7fcdda2618c0",1698050.4375,1039057.625,1768410,1369427,1616926613693605,1616926614317623,1616926617265141,1616926617266714,2947518
568,"void laplacian_kernel<double>(double*, double const*, int, int, int, double, double, double, double) [clone .kd]",2,0,1698,4124249,4124249,134217728,256,0,0,20,20,32,64,"0x0","0x7fcdda2618c0",1697684.3125,1039016.0625,1767483,1370305,1616926617561593,1616926617973461,1616926620909939,1616926620989161,2936478
569,"void laplacian_kernel<double>(double*, double const*, int, int, int, double, double, double, double) [clone .kd]",2,0,1701,4124249,4124249,134217728,256,0,0,20,20,32,64,"0x0","0x7fcdda2618c0",1698272.875,1039003.25,1766484,1371308,1616926621011913,1616926621624906,1616926624578024,1616926624664250,2953118
570,"void laplacian_kernel<double>(double*, double const*, int, int, int, double, double, double, double) [clone .kd]",2,0,1704,4124249,4124249,134217728,256,0,0,20,20,32,64,"0x0","0x7fcdda2618c0",1700466.6875,1039014.625,1770533,1367265,1616926624693044,1616926625302422,1616926628254580,1616926628332967,2952158
571,"void laplacian_kernel<double>(double*, double const*, int, int, int, double, double, double, double) [clone .kd]",2,0,1707,4124249,4124249,134217728,256,0,0,20,20,32,64,"0x0","0x7fcdda2618c0",1696175.0625,1039007.8125,1765874,1371866,1616926628361941,1616926628980179,1616926631918257,1616926631997415,2938078
572,"void laplacian_kernel<double>(double*, double const*, int, int, int, double, double, double, double) [clone .kd]",2,0,1710,4124249,4124249,134217728,256,0,0,20,20,32,64,"0x0","0x7fcdda2618c0",1696249.25,1039017.4375,1765756,1372061,1616926632036017,1616926632666257,1616926635625454,1616926635674498,2959197
573,"void laplacian_kernel<double>(double*, double const*, int, int, int, double, double, double, double) [clone .kd]",2,0,1713,4124249,4124249,134217728,256,0,0,20,20,32,64,"0x0","0x7fcdda2618c0",1698599.8125,1039036.5625,1769214,1368586,1616926635915668,1616926636346894,1616926639290892,1616926639369604,2943998
574,"void laplacian_kernel<double>(double*, double const*, int, int, int, double, double, double, double) [clone .kd]",2,0,1716,4124249,4124249,134217728,256,0,0,20,20,32,64,"0x0","0x7fcdda2618c0",1701663.5625,1039019.5625,1768404,1369413,1616926639395723,1616926640007331,1616926642949409,1616926642951209,2942078
575,"void laplacian_kernel<double>(double*, double const*, int, int, int, double, double, double, double) [clone .kd]",2,0,1719,4124249,4124249,134217728,256,0,0,20,20,32,64,"0x0","0x7fcdda2618c0",1698448.375,1039010,1767606,1370214,1616926643242843,1616926643664769,1616926646612446,1616926646691169,2947677
576,"void laplacian_kernel<double>(double*, double const*, int, int, int, double, double, double, double) [clone .kd]",2,0,1722,4124249,4124249,134217728,256,0,0,20,20,32,64,"0x0","0x7fcdda2618c0",1700403.25,1039022.625,1768993,1368771,1616926646717328,1616926647347966,1616926650303164,1616926650383630,2955198
577,"void laplacian_kernel<double>(double*, double const*, int, int, int, double, double, double, double) [clone .kd]",2,0,1725,4124249,4124249,134217728,256,0,0,20,20,32,64,"0x0","0x7fcdda2618c0",1703464.6875,1039011,1768345,1369428,1616926650405762,1616926651026563,1616926653972001,1616926654053109,2945438
578,"void laplacian_kernel<double>(double*, double const*, int, int, int, double, double, double, double) [clone .kd]",2,0,1728,4124249,4124249,134217728,256,0,0,20,20,32,64,"0x0","0x7fcdda2618c0",1698588.375,1038998.625,1768115,1369639,1616926654073186,1616926654693400,1616926657642678,1616926657722256,2949278
579,"void laplacian_kernel<double>(double*, double const*, int, int, int, double, double, double, double) [clone .kd]",2,0,1731,4124249,4124249,134217728,256,0,0,20,20,32,64,"0x0","0x7fcdda2618c0",1696710.6875,1039017.625,1767081,1370726,1616926657745870,1616926658360238,1616926661303116,1616926661382007,2942878
580,"void laplacian_kernel<double>(double*, double const*, int, int, int, double, double, double, double) [clone .kd]",2,0,1734,4124249,4124249,134217728,256,0,0,20,20,32,64,"0x0","0x7fcdda2618c0",1694587.75,1039005.8125,1770351,1367472,1616926661404018,1616926662026875,1616926664971513,1616926665050363,2944638
581,"void laplacian_kernel<double>(double*, double const*, int, int, int, double, double, double, double) [clone .kd]",2,0,1737,4124249,4124249,134217728,256,0,0,20,20,32,64,"0x0","0x7fcdda2618c0",1702922,1039034.25,1769334,1368628,1616926665077594,1616926665707312,1616926668658670,1616926668660711,2951358
582,"void laplacian_kernel<double>(double*, double const*, int, int, int, double, double, double, double) [clone .kd]",2,0,1740,4124249,4124249,134217728,256,0,0,20,20,32,64,"0x0","0x7fcdda2618c0",1699963.9375,1039004.375,1766325,1371497,1616926668961702,1616926669373070,1616926672321707,1616926672399930,2948637
583,"void laplacian_kernel<double>(double*, double const*, int, int, int, double, double, double, double) [clone .kd]",2,0,1743,4124249,4124249,134217728,256,0,0,20,20,32,64,"0x0","0x7fcdda2618c0",1703605.0625,1039041,1768873,1368961,1616926672418775,1616926673047827,1616926675996785,1616926676076812,2948958
584,"void laplacian_kernel<double>(double*, double const*, int, int, int, double, double, double, double) [clone .kd]",2,0,1746,4124249,4124249,134217728,256,0,0,20,20,32,64,"0x0","0x7fcdda2618c0",1698211.875,1039020.0625,1767635,1370134,1616926676100847,1616926676719144,1616926679671622,1616926679749416,2952478
585,"void laplacian_kernel<double>(double*, double const*, int, int, int, double, double, double, double) [clone .kd]",2,0,1749,4124249,4124249,134217728,256,0,0,20,20,32,64,"0x0","0x7fcdda2618c0",1697823.1875,1039003.4375,1768512,1369309,1616926679773301,1616926680375061,1616926683325459,1616926683404037,2950398
586,"void laplacian_kernel<double>(double*, double const*, int, int, int, double, double, double, double) [clone .kd]",2,0,1752,4124249,4124249,134217728,256,0,0,20,20,32,64,"0x0","0x7fcdda2618c0",1698255.0625,1039025.875,1769123,1368608,1616926683432540,1616926684059379,1616926687008497,1616926687087001,2949118
587,"void laplacian_kernel<double>(double*, double const*, int, int, int, double, double, double, double) [clone .kd]",2,0,1755,4124249,4124249,134217728,256,0,0,20,20,32,64,"0x0","0x7fcdda2618c0",1698914.75,1039015.875,1766092,1371686,1616926687108220,1616926687718206,1616926690670844,1616926690679125,2952638
588,"void laplacian_kernel<double>(double*, double const*, int, int, int, double, double, double, double) [clone .kd]",2,0,1758,4124249,4124249,134217728,256,0,0,20,20,32,64,"0x0","0x7fcdda2618c0",1700295.4375,1039020.1875,1768806,1368987,1616926690961722,1616926691376922,1616926694325240,1616926694405039,2948318
589,"void laplacian_kernel<double>(double*, double const*, int, int, int, double, double, double, double) [clone .kd]",2,0,1761,4124249,4124249,134217728,256,0,0,20,20,32,64,"0x0","0x7fcdda2618c0",1696714.5625,1039036.0625,1767355,1370478,1616926694428552,1616926695062919,1616926698006437,1616926698087221,2943518
590,"void laplacian_kernel<double>(double*, double const*, int, int, int, double, double, double, double) [clone .kd]",2,0,1764,4124249,4124249,134217728,256,0,0,20,20,32,64,"0x0","0x7fcdda2618c0",1697874.9375,1039020.3125,1766524,1371249,1616926698111636,1616926698724276,1616926701672914,1616926701674937,2948638
591,"void laplacian_kernel<double>(double*, double const*, int, int, int, double, double, double, double) [clone .kd]",2,0,1767,4124249,4124249,134217728,256,0,0,20,20,32,64,"0x0","0x7fcdda2618c0",1694981.25,1039037.625,1769845,1367917,1616926701958345,1616926702385873,1616926705327311,1616926705406691,2941438
592,"void laplacian_kernel<double>(double*, double const*, int, int, int, double, double, double, double) [clone .kd]",2,0,1770,4124249,4124249,134217728,256,0,0,20,20,32,64,"0x0","0x7fcdda2618c0",1700273.5,1039015.3125,1768846,1368965,1616926705427260,1616926706046351,1616926708989068,1616926709067243,2942717
593,"void laplacian_kernel<double>(double*, double const*, int, int, int, double, double, double, double) [clone .kd]",2,0,1773,4124249,4124249,134217728,256,0,0,20,20,32,64,"0x0","0x7fcdda2618c0",1696645.25,1039044.1875,1771265,1366491,1616926709090807,1616926709708468,1616926712662066,1616926712741491,2953598
594,"void laplacian_kernel<double>(double*, double const*, int, int, int, double, double, double, double) [clone .kd]",2,0,1776,4124249,4124249,134217728,256,0,0,20,20,32,64,"0x0","0x7fcdda2618c0",1697125,1039029.875,1767687,1370065,1616926712764734,1616926713383505,1616926716335183,1616926716413954,2951678
595,"void laplacian_kernel<double>(double*, double const*, int, int, int, double, double, double, double) [clone .kd]",2,0,1779,4124249,4124249,134217728,256,0,0,20,20,32,64,"0x0","0x7fcdda2618c0",1701474,1039007.5625,1767602,1370210,1616926716435885,1616926717046662,1616926719992420,1616926720071942,2945758
596,"void laplacian_kernel<double>(double*, double const*, int, int, int, double, double, double, double) [clone .kd]",2,0,1782,4124249,4124249,134217728,256,0,0,20,20,32,64,"0x0","0x7fcdda2618c0",1701927.25,1039017.25,1768129,1369625,1616926720090987,1616926720715419,1616926723671737,1616926723749034,2956318
597,"void laplacian_kernel<double>(double*, double const*, int, int, int, double, double, double, double) [clone .kd]",2,0,1785,4124249,4124249,134217728,256,0,0,20,20,32,64,"0x0","0x7fcdda2618c0",1700311.375,1039021.5625,1769272,1368501,1616926723770153,1616926724410256,1616926727364334,1616926727443339,2954078
598,"void laplacian_kernel<double>(double*, double const*, int, int, int, double, double, double, double) [clone .kd]",2,0,1788,4124249,4124249,134217728,256,0,0,20,20,32,64,"0x0","0x7fcdda2618c0",1705173,1039022.875,1765442,1372366,1616926727466412,1616926728084094,1616926731033691,1616926731112427,2949597
599,"void laplacian_kernel<double>(double*, double const*, int, int, int, double, double, double, double) [clone .kd]",2,0,1791,4124249,4124249,134217728,256,0,0,20,20,32,64,"0x0","0x7fcdda2618c0",1699422.25,1039011.5,1767769,1369978,1616926731135670,1616926731748651,1616926734701128,1616926734780663,2952477
600,"void laplacian_kernel<double>(double*, double const*, int, int, int, double, double, double, double) [clone .kd]",2,0,1794,4124249,4124249,134217728,256,0,0,20,20,32,64,"0x0","0x7fcdda2618c0",1694256.6875,1039035.1875,1767984,1369796,1616926734802894,1616926735411568,1616926738355726,1616926738434933,2944158
601,"void laplacian_kernel<double>(double*, double const*, int, int, int, double, double, double, double) [clone .kd]",2,0,1797,4124249,4124249,134217728,256,0,0,20,20,32,64,"0x0","0x7fcdda2618c0",1701763.875,1039021.3125,1766064,1371701,1616926738454680,1616926739070565,1616926742017283,1616926742097388,2946718
602,"void laplacian_kernel<double>(double*, double const*, int, int, int, double, double, double, double) [clone .kd]",2,0,1800,4124249,4124249,134217728,256,0,0,20,20,32,64,"0x0","0x7fcdda2618c0",1699420.625,1039029.3125,1769318,1368527,1616926742117936,1616926742735082,1616926745684840,1616926745686888,2949758
603,"void laplacian_kernel<double>(double*, double const*, int, int, int, double, double, double, double) [clone .kd]",2,0,1803,4124249,4124249,134217728,256,0,0,20,20,32,64,"0x0","0x7fcdda2618c0",1699917.75,1039033.75,1763850,1373956,1616926745975345,1616926746394599,1616926749346277,1616926749425295,2951678
604,"void laplacian_kernel<double>(double*, double const*, int, int, int, double, double, double, double) [clone .kd]",2,0,1806,4124249,4124249,134217728,256,0,0,20,20,32,64,"0x0","0x7fcdda2618c0",1700982.5625,1039034.75,1767053,1370652,1616926749447887,1616926750063277,1616926753008234,1616926753085676,2944957
605,"void laplacian_kernel<double>(double*, double const*, int, int, int, double, double, double, double) [clone .kd]",2,0,1809,4124249,4124249,134217728,256,0,0,20,20,32,64,"0x0","0x7fcdda2618c0",1699643.4375,1039026.9375,1767378,1370397,1616926753109019,1616926753732151,1616926756680790,1616926756766966,2948639
606,"void laplacian_kernel<double>(double*, double const*, int, int, int, double, double, double, double) [clone .kd]",2,0,1812,4124249,4124249,134217728,256,0,0,20,20,32,64,"0x0","0x7fcdda2618c0",1702467.6875,1039031.375,1768041,1369802,1616926756797513,1616926757418028,1616926760369706,1616926760448618,2951678
607,"void laplacian_kernel<double>(double*, double const*, int, int, int, double, double, double, double) [clone .kd]",2,0,1815,4124249,4124249,134217728,256,0,0,20,20,32,64,"0x0","0x7fcdda2618c0",1699120.125,1039054.0625,1768447,1369291,1616926760470428,1616926761085146,1616926764039704,1616926764117735,2954558
608,"void laplacian_kernel<double>(double*, double const*, int, int, int, double, double, double, double) [clone .kd]",2,0,1818,4124249,4124249,134217728,256,0,0,20,20,32,64,"0x0","0x7fcdda2618c0",1697445.9375,1039023.1875,1767295,1370429,1616926764141690,1616926764758784,1616926767704542,1616926767782435,2945758
609,"void laplacian_kernel<double>(double*, double const*, int, int, int, double, double, double, double) [clone .kd]",2,0,1821,4124249,4124249,134217728,256,0,0,20,20,32,64,"0x0","0x7fcdda2618c0",1696018.5625,1039037.0625,1767176,1370562,1616926767807502,1616926768414501,1616926771355620,1616926771433920,2941119
610,"void laplacian_kernel<double>(double*, double const*, int, int, int, double, double, double, double) [clone .kd]",2,0,1824,4124249,4124249,134217728,256,0,0,20,20,32,64,"0x0","0x7fcdda2618c0",1702446.0625,1039026.25,1766334,1371421,1616926771456211,1616926772073539,1616926775022177,1616926775100383,2948638
611,"void laplacian_kernel<double>(double*, double const*, int, int, int, double, double, double, double) [clone .kd]",2,0,1827,4124249,4124249,134217728,256,0,0,20,20,32,64,"0x0","0x7fcdda2618c0",1696536.3125,1039016.75,1769313,1368485,1616926775121612,1616926775738097,1616926778683855,1616926778762257,2945758
612,"void laplacian_kernel<double>(double*, double const*, int, int, int, double, double, double, double) [clone .kd]",2,0,1830,4124249,4124249,134217728,256,0,0,20,20,32,64,"0x0","0x7fcdda2618c0",1699272.4375,1039044.25,1769436,1368347,1616926778783877,1616926779429215,1616926782379933,1616926782458896,2950718
613,"void laplacian_kernel<double>(double*, double const*, int, int, int, double, double, double, double) [clone .kd]",2,0,1833,4124249,4124249,134217728,256,0,0,20,20,32,64,"0x0","0x7fcdda2618c0",1705516.75,1039016.25,1767710,1370098,1616926782482690,1616926783095132,1616926786043610,1616926786122373,2948478
614,"void laplacian_kernel<double>(double*, double const*, int, int, int, double, double, double, double) [clone .kd]",2,0,1836,4124249,4124249,134217728,256,0,0,20,20,32,64,"0x0","0x7fcdda2618c0",1698329.0625,1039023.75,1768648,1369164,1616926786145316,1616926786771170,1616926789711648,1616926789790339,2940478
615,"void laplacian_kernel<double>(double*, double const*, int, int, int, double, double, double, double) [clone .kd]",2,0,1839,4124249,4124249,134217728,256,0,0,20,20,32,64,"0x0","0x7fcdda2618c0",1696472.75,1039021.1875,1765303,1372436,1616926789812149,1616926790429368,1616926793376886,1616926793456150,2947518
616,"void laplacian_kernel<double>(double*, double const*, int, int, int, double, double, double, double) [clone .kd]",2,0,1842,4124249,4124249,134217728,256,0,0,20,20,32,64,"0x0","0x7fcdda2618c0",1705128.3125,1039012.625,1768042,1369691,1616926793476498,1616926794081926,1616926797032644,1616926797111232,2950718
617,"void laplacian_kernel<double>(double*, double const*, int, int, int, double, double, double, double) [clone .kd]",2,0,1845,4124249,4124249,134217728,256,0,0,20,20,32,64,"0x0","0x7fcdda2618c0",1700255.5625,1039031.6875,1760623,1377210,1616926797132311,1616926797755203,1616926800706401,1616926800784447,2951198
618,"void laplacian_kernel<double>(double*, double const*, int, int, int, double, double, double, double) [clone .kd]",2,0,1848,4124249,4124249,134217728,256,0,0,20,20,32,64,"0x0","0x7fcdda2618c0",1700708.125,1039029.6875,1769159,1368707,1616926800807490,1616926801421841,1616926804367759,1616926804446812,2945918
619,"void laplacian_kernel<double>(double*, double const*, int, int, int, double, double, double, double) [clone .kd]",2,0,1851,4124249,4124249,134217728,256,0,0,20,20,32,64,"0x0","0x7fcdda2618c0",1697149.0625,1039012.25,1768015,1369767,1616926804471378,1616926805081599,1616926808024957,1616926808103016,2943358
620,"void laplacian_kernel<double>(double*, double const*, int, int, int, double, double, double, double) [clone .kd]",2,0,1854,4124249,4124249,134217728,256,0,0,20,20,32,64,"0x0","0x7fcdda2618c0",1701195.3125,1039027,1770115,1367645,1616926808125859,1616926808732756,1616926811680915,1616926811758539,2948159
621,"void laplacian_kernel<double>(double*, double const*, int, int, int, double, double, double, double) [clone .kd]",2,0,1857,4124249,4124249,134217728,256,0,0,20,20,32,64,"0x0","0x7fcdda2618c0",1700777.875,1039004.4375,1766173,1371630,1616926811779367,1616926812390114,1616926815344192,1616926815422958,2954078
622,"void laplacian_kernel<double>(double*, double const*, int, int, int, double, double, double, double) [clone .kd]",2,0,1860,4124249,4124249,134217728,256,0,0,20,20,32,64,"0x0","0x7fcdda2618c0",1694478.0625,1039009.125,1765604,1372183,1616926815444117,1616926816089032,1616926819037190,1616926819115639,2948158
623,"void laplacian_kernel<double>(double*, double const*, int, int, int, double, double, double, double) [clone .kd]",2,0,1863,4124249,4124249,134217728,256,0,0,20,20,32,64,"0x0","0x7fcdda2618c0",1698542.375,1039010.3125,1768132,1369575,1616926819138923,1616926819745417,1616926822693735,1616926822781441,2948318
624,"void laplacian_kernel<double>(double*, double const*, int, int, int, double, double, double, double) [clone .kd]",2,0,1866,4124249,4124249,134217728,256,0,0,20,20,32,64,"0x0","0x7fcdda2618c0",1702454.25,1039029.75,1766950,1370819,1616926822809213,1616926823412493,1616926826355691,1616926826436022,2943198
625,"void laplacian_kernel<double>(double*, double const*, int, int, int, double, double, double, double) [clone .kd]",2,0,1869,4124249,4124249,134217728,256,0,0,20,20,32,64,"0x0","0x7fcdda2618c0",1700383.875,1039009.75,1766013,1371782,1616926826464375,1616926827076611,1616926830017729,1616926830019470,2941118
626,"void laplacian_kernel<double>(double*, double const*, int, int, int, double, double, double, double) [clone .kd]",2,0,1872,4124249,4124249,134217728,256,0,0,20,20,32,64,"0x0","0x7fcdda2618c0",1706629.4375,1039030.0625,1767323,1370474,1616926830312275,1616926830721728,1616926833678526,1616926833759981,2956798
627,"void laplacian_kernel<double>(double*, double const*, int, int, int, double, double, double, double) [clone .kd]",2,0,1875,4124249,4124249,134217728,256,0,0,20,20,32,64,"0x0","0x7fcdda2618c0",1697492.4375,1039024.5625,1768495,1369294,1616926833781090,1616926834407526,1616926837366404,1616926837446671,2958878
628,"void laplacian_kernel<double>(double*, double const*, int, int, int, double, double, double, double) [clone .kd]",2,0,1878,4124249,4124249,134217728,256,0,0,20,20,32,64,"0x0","0x7fcdda2618c0",1700208.0625,1039030.625,1765650,1372128,1616926837469223,1616926838075843,1616926841028161,1616926841107403,2952318
629,"void laplacian_kernel<double>(double*, double const*, int, int, int, double, double, double, double) [clone .kd]",2,0,1881,4124249,4124249,134217728,256,0,0,20,20,32,64,"0x0","0x7fcdda2618c0",1697254.875,1038992.6875,1770419,1367316,1616926841130376,1616926841725841,1616926844674319,1616926844751294,2948478
630,"void laplacian_kernel<double>(double*, double const*, int, int, int, double, double, double, double) [clone .kd]",2,0,1884,4124249,4124249,134217728,256,0,0,20,20,32,64,"0x0","0x7fcdda2618c0",1696680.9375,1039030.8125,1764767,1373035,1616926844779757,1616926845376278,1616926848322196,1616926848401447,2945918
631,"void laplacian_kernel<double>(double*, double const*, int, int, int, double, double, double, double) [clone .kd]",2,0,1887,4124249,4124249,134217728,256,0,0,20,20,32,64,"0x0","0x7fcdda2618c0",1698126.5625,1038994.3125,1767522,1370284,1616926848421895,1616926849048916,1616926851994994,1616926852073931,2946078
632,"void laplacian_kernel<double>(double*, double const*, int, int, int, double, double, double, double) [clone .kd]",2,0,1890,4124249,4124249,134217728,256,0,0,20,20,32,64,"0x0","0x7fcdda2618c0",1695685.25,1039020.3125,1768369,1369412,1616926852095050,1616926852715473,1616926855660431,1616926855738811,2944958
633,"void laplacian_kernel<double>(double*, double const*, int, int, int, double, double, double, double) [clone .kd]",2,0,1893,4124249,4124249,134217728,256,0,0,20,20,32,64,"0x0","0x7fcdda2618c0",1703640.375,1039011.8125,1768945,1368801,1616926855761703,1616926856367311,1616926859311309,1616926859389774,2943998
634,"void laplacian_kernel<double>(double*, double const*, int, int, int, double, double, double, double) [clone .kd]",2,0,1896,4124249,4124249,134217728,256,0,0,20,20,32,64,"0x0","0x7fcdda2618c0",1701102.375,1039033.875,1769249,1368557,1616926859413999,1616926860015348,1616926862963986,1616926863042772,2948638
635,"void laplacian_kernel<double>(double*, double const*, int, int, int, double, double, double, double) [clone .kd]",2,0,1899,4124249,4124249,134217728,256,0,0,20,20,32,64,"0x0","0x7fcdda2618c0",1696223.6875,1039019.3125,1770029,1367744,1616926863071025,1616926863672626,1616926866621104,1616926866700088,2948478
636,"void laplacian_kernel<double>(double*, double const*, int, int, int, double, double, double, double) [clone .kd]",2,0,1902,4124249,4124249,134217728,256,0,0,20,20,32,64,"0x0","0x7fcdda2618c0",1698637.6875,1039020.0625,1768990,1368793,1616926866721558,1616926867337903,1616926870283981,1616926870363675,2946078
637,"void laplacian_kernel<double>(double*, double const*, int, int, int, double, double, double, double) [clone .kd]",2,0,1905,4124249,4124249,134217728,256,0,0,20,20,32,64,"0x0","0x7fcdda2618c0",1695334.0625,1038997.625,1762584,1375174,1616926870384033,1616926871011181,1616926873956139,1616926874035358,2944958
638,"void laplacian_kernel<double>(double*, double const*, int, int, int, double, double, double, double) [clone .kd]",2,0,1908,4124249,4124249,134217728,256,0,0,20,20,32,64,"0x0","0x7fcdda2618c0",1695048.0625,1039006.4375,1764241,1373553,1616926874057900,1616926874656418,1616926877609536,1616926877687564,2953118
639,"void laplacian_kernel<double>(double*, double const*, int, int, int, double, double, double, double) [clone .kd]",2,0,1911,4124249,4124249,134217728,256,0,0,20,20,32,64,"0x0","0x7fcdda2618c0",1699266.625,1039002.625,1766096,1371679,1616926877710627,1616926878338936,1616926881289814,1616926881369466,2950878
640,"void laplacian_kernel<double>(double*, double const*, int, int, int, double, double, double, double) [clone .kd]",2,0,1914,4124249,4124249,134217728,256,0,0,20,20,32,64,"0x0","0x7fcdda2618c0",1700585.9375,1039001.75,1767995,1369811,1616926881410302,1616926882014453,1616926884951571,1616926884953395,2937118
641,"void laplacian_kernel<double>(double*, double const*, int, int, int, double, double, double, double) [clone .kd]",2,0,1917,4124249,4124249,134217728,256,0,0,20,20,32,64,"0x0","0x7fcdda2618c0",1697219.9375,1039028.5,1765622,1372135,1616926885243956,1616926885650201,1616926888602679,1616926888688566,2952478
642,"void laplacian_kernel<double>(double*, double const*, int, int, int, double, double, double, double) [clone .kd]",2,0,1920,4124249,4124249,134217728,256,0,0,20,20,32,64,"0x0","0x7fcdda2618c0",1700915.4375,1039004.3125,1769803,1368053,1616926888711548,1616926889330677,1616926892285075,1616926892364216,2954398
643,"void laplacian_kernel<double>(double*, double const*, int, int, int, double, double, double, double) [clone .kd]",2,0,1923,4124249,4124249,134217728,256,0,0,20,20,32,64,"0x0","0x7fcdda2618c0",1690240.6875,1039035,1767632,1370184,1616926892386898,1616926892998914,1616926895949632,1616926896030137,2950718
644,"void laplacian_kernel<double>(double*, double const*, int, int, int, double, double, double, double) [clone .kd]",2,0,1926,4124249,4124249,134217728,256,0,0,20,20,32,64,"0x0","0x7fcdda2618c0",1702178.8125,1039003.75,1766776,1370946,1616926896052168,1616926896661912,1616926899616470,1616926899691441,2954558
645,"void laplacian_kernel<double>(double*, double const*, int, int, int, double, double, double, double) [clone .kd]",2,0,1929,4124249,4124249,134217728,256,0,0,20,20,32,64,"0x0","0x7fcdda2618c0",1700018.5,1039014.625,1767838,1370058,1616926899713873,1616926900320909,1616926903269707,1616926903349518,2948798
646,"void laplacian_kernel<double>(double*, double const*, int, int, int, double, double, double, double) [clone .kd]",2,0,1932,4124249,4124249,134217728,256,0,0,20,20,32,64,"0x0","0x7fcdda2618c0",1698893.0625,1039009.8125,1767430,1370310,1616926903371519,1616926903990147,1616926906925664,1616926906927506,2935517
647,"void laplacian_kernel<double>(double*, double const*, int, int, int, double, double, double, double) [clone .kd]",2,0,1935,4124249,4124249,134217728,256,0,0,20,20,32,64,"0x0","0x7fcdda2618c0",1698299.3125,1039038.625,1766131,1371650,1616926907220301,1616926907638784,1616926910592382,1616926910671593,2953598
648,"void laplacian_kernel<double>(double*, double const*, int, int, int, double, double, double, double) [clone .kd]",2,0,1938,4124249,4124249,134217728,256,0,0,20,20,32,64,"0x0","0x7fcdda2618c0",1698224.5,1038992.8125,1766307,1371497,1616926910695127,1616926911310341,1616926914259939,1616926914339168,2949598
649,"void laplacian_kernel<double>(double*, double const*, int, int, int, double, double, double, double) [clone .kd]",2,0,1941,4124249,4124249,134217728,256,0,0,20,20,32,64,"0x0","0x7fcdda2618c0",1700540.1875,1039015.25,1766618,1371146,1616926914360869,1616926914984179,1616926917937937,1616926918016221,2953758
650,"void laplacian_kernel<double>(double*, double const*, int, int, int, double, double, double, double) [clone .kd]",2,0,1944,4124249,4124249,134217728,256,0,0,20,20,32,64,"0x0","0x7fcdda2618c0",1698719.4375,1039031.4375,1769592,1368198,1616926918043361,1616926918654176,1616926921603614,1616926921683475,2949438
651,"void laplacian_kernel<double>(double*, double const*, int, int, int, double, double, double, double) [clone .kd]",2,0,1947,4124249,4124249,134217728,256,0,0,20,20,32,64,"0x0","0x7fcdda2618c0",1707940.1875,1039023.6875,1767111,1370627,1616926921704444,1616926922310413,1616926925264651,1616926925344348,2954238
652,"void laplacian_kernel<double>(double*, double const*, int, int, int, double, double, double, double) [clone .kd]",2,0,1950,4124249,4124249,134217728,256,0,0,20,20,32,64,"0x0","0x7fcdda2618c0",1707924.75,1039032.5625,1766447,1371306,1616926925367701,1616926925984691,1616926928923729,1616926929002495,2939038
653,"void laplacian_kernel<double>(double*, double const*, int, int, int, double, double, double, double) [clone .kd]",2,0,1953,4124249,4124249,134217728,256,0,0,20,20,32,64,"0x0","0x7fcdda2618c0",1695114.75,1039010.0625,1769166,1368615,1616926929026590,1616926929642928,1616926932594286,1616926932673496,2951358
654,"void laplacian_kernel<double>(double*, double const*, int, int, int, double, double, double, double) [clone .kd]",2,0,1956,4124249,4124249,134217728,256,0,0,20,20,32,64,"0x0","0x7fcdda2618c0",1693535.6875,1039011.375,1767273,1370554,1616926932696599,1616926933308645,1616926936248963,1616926936327816,2940318
655,"void laplacian_kernel<double>(double*, double const*, int, int, int, double, double, double, double) [clone .kd]",2,0,1959,4124249,4124249,134217728,256,0,0,20,20,32,64,"0x0","0x7fcdda2618c0",1702170.75,1039020.6875,1767301,1370469,1616926936348885,1616926936979643,1616926939927161,1616926940017282,2947518
656,"void laplacian_kernel<double>(double*, double const*, int, int, int, double, double, double, double) [clone .kd]",2,0,1962,4124249,4124249,134217728,256,0,0,20,20,32,64,"0x0","0x7fcdda2618c0",1699209.125,1039010.0625,1766463,1371312,1616926940037770,1616926940666040,1616926943612438,1616926943690497,2946398
657,"void laplacian_kernel<double>(double*, double const*, int, int, int, double, double, double, double) [clone .kd]",2,0,1965,4124249,4124249,134217728,256,0,0,20,20,32,64,"0x0","0x7fcdda2618c0",1699649.9375,1039016,1764666,1373154,1616926943714061,1616926944319878,1616926947266115,1616926947344788,2946237
658,"void laplacian_kernel<double>(double*, double const*, int, int, int, double, double, double, double) [clone .kd]",2,0,1968,4124249,4124249,134217728,256,0,0,20,20,32,64,"0x0","0x7fcdda2618c0",1702796.0625,1039028.125,1771004,1366800,1616926947367530,1616926947991395,1616926950927073,1616926951006061,2935678
659,"void laplacian_kernel<double>(double*, double const*, int, int, int, double, double, double, double) [clone .kd]",2,0,1971,4124249,4124249,134217728,256,0,0,20,20,32,64,"0x0","0x7fcdda2618c0",1693765,1039038.375,1770097,1367731,1616926951027992,1616926951638746,1616926954588664,1616926954676501,2949918
660,"void laplacian_kernel<double>(double*, double const*, int, int, int, double, double, double, double) [clone .kd]",2,0,1974,4124249,4124249,134217728,256,0,0,20,20,32,64,"0x0","0x7fcdda2618c0",1698883.125,1039053.875,1771204,1366610,1616926954704513,1616926955323342,1616926958272780,1616926958350418,2949438
661,"void laplacian_kernel<double>(double*, double const*, int, int, int, double, double, double, double) [clone .kd]",2,0,1977,4124249,4124249,134217728,256,0,0,20,20,32,64,"0x0","0x7fcdda2618c0",1697681.9375,1039018.0625,1768447,1369338,1616926958374663,1616926959000899,1616926961948257,1616926962027861,2947358
662,"void laplacian_kernel<double>(double*, double const*, int, int, int, double, double, double, double) [clone .kd]",2,0,1980,4124249,4124249,134217728,256,0,0,20,20,32,64,"0x0","0x7fcdda2618c0",1702378.75,1039027.8125,1765244,1372502,1616926962050934,1616926962661456,1616926965613934,1616926965693913,2952478
663,"void laplacian_kernel<double>(double*, double const*, int, int, int, double, double, double, double) [clone .kd]",2,0,1983,4124249,4124249,134217728,256,0,0,20,20,32,64,"0x0","0x7fcdda2618c0",1700700.6875,1039018.375,1767573,1370192,1616926965717066,1616926966331694,1616926969285451,1616926969364033,2953757
664,"void laplacian_kernel<double>(double*, double const*, int, int, int, double, double, double, double) [clone .kd]",2,0,1986,4124249,4124249,134217728,256,0,0,20,20,32,64,"0x0","0x7fcdda2618c0",1696753.4375,1039028.3125,1767310,1370416,1616926969386434,1616926969988291,1616926972924769,1616926973004246,2936478
665,"void laplacian_kernel<double>(double*, double const*, int, int, int, double, double, double, double) [clone .kd]",2,0,1989,4124249,4124249,134217728,256,0,0,20,20,32,64,"0x0","0x7fcdda2618c0",1696988.4375,1039046.1875,1766700,1371077,1616926973025787,1616926973648968,1616926976594406,1616926976673835,2945438
666,"void laplacian_kernel<double>(double*, double const*, int, int, int, double, double, double, double) [clone .kd]",2,0,1992,4124249,4124249,134217728,256,0,0,20,20,32,64,"0x0","0x7fcdda2618c0",1695825.1875,1039050,1769164,1368573,1616926976693292,1616926977294885,1616926980237763,1616926980317255,2942878
667,"void laplacian_kernel<double>(double*, double const*, int, int, int, double, double, double, double) [clone .kd]",2,0,1995,4124249,4124249,134217728,256,0,0,20,20,32,64,"0x0","0x7fcdda2618c0",1699632.0625,1039026.9375,1768828,1369053,1616926980341049,1616926980955082,1616926983903080,1616926983978197,2947998
668,"void laplacian_kernel<double>(double*, double const*, int, int, int, double, double, double, double) [clone .kd]",2,0,1998,4124249,4124249,134217728,256,0,0,20,20,32,64,"0x0","0x7fcdda2618c0",1699288.1875,1039019.6875,1768902,1368942,1616926984010558,1616926984645600,1616926987599197,1616926987677622,2953597
669,"void laplacian_kernel<double>(double*, double const*, int, int, int, double, double, double, double) [clone .kd]",2,0,2001,4124249,4124249,134217728,256,0,0,20,20,32,64,"0x0","0x7fcdda2618c0",1697423.75,1039013.875,1767548,1370197,1616926987699232,1616926988312557,1616926991256235,1616926991335278,2943678
670,"void laplacian_kernel<double>(double*, double const*, int, int, int, double, double, double, double) [clone .kd]",2,0,2004,4124249,4124249,134217728,256,0,0,20,20,32,64,"0x0","0x7fcdda2618c0",1698430.8125,1039025.75,1767981,1369887,1616926991355676,1616926991960674,1616926994909312,1616926994989178,2948638
671,"void laplacian_kernel<double>(double*, double const*, int, int, int, double, double, double, double) [clone .kd]",2,0,2007,4124249,4124249,134217728,256,0,0,20,20,32,64,"0x0","0x7fcdda2618c0",1696792,1039031.375,1764772,1372999,1616926995010187,1616926995626631,1616926998574789,1616926998653827,2948158
672,"void laplacian_kernel<double>(double*, double const*, int, int, int, double, double, double, double) [clone .kd]",2,0,2010,4124249,4124249,134217728,256,0,0,20,20,32,64,"0x0","0x7fcdda2618c0",1702318.25,1039023.5625,1765747,1371959,1616926998677141,1616926999281268,1616927002235026,1616927002314118,2953758
673,"void laplacian_kernel<double>(double*, double const*, int, int, int, double, double, double, double) [clone .kd]",2,0,2013,4124249,4124249,134217728,256,0,0,20,20,32,64,"0x0","0x7fcdda2618c0",1708495.6875,1039030.25,1765229,1372519,1616927002336490,1616927002975026,1616927005916943,1616927005995489,2941917
674,"void laplacian_kernel<double>(double*, double const*, int, int, int, double, double, double, double) [clone .kd]",2,0,2016,4124249,4124249,134217728,256,0,0,20,20,32,64,"0x0","0x7fcdda2618c0",1698996.125,1039028.9375,1768567,1369293,1616927006019043,1616927006647303,1616927009598821,1616927009679454,2951518
675,"void laplacian_kernel<double>(double*, double const*, int, int, int, double, double, double, double) [clone .kd]",2,0,2019,4124249,4124249,134217728,256,0,0,20,20,32,64,"0x0","0x7fcdda2618c0",1699000.5,1039004.4375,1767945,1369811,1616927009698289,1616927010326740,1616927013275058,1616927013355034,2948318
676,"void laplacian_kernel<double>(double*, double const*, int, int, int, double, double, double, double) [clone .kd]",2,0,2022,4124249,4124249,134217728,256,0,0,20,20,32,64,"0x0","0x7fcdda2618c0",1699889.1875,1039015.5,1768976,1368796,1616927013375312,1616927013995097,1616927016931095,1616927017010707,2935998
677,"void laplacian_kernel<double>(double*, double const*, int, int, int, double, double, double, double) [clone .kd]",2,0,2025,4124249,4124249,134217728,256,0,0,20,20,32,64,"0x0","0x7fcdda2618c0",1697755.5,1039003.75,1765484,1372343,1616927017033930,1616927017639523,1616927020593761,1616927020680937,2954238
678,"void laplacian_kernel<double>(double*, double const*, int, int, int, double, double, double, double) [clone .kd]",2,0,2028,4124249,4124249,134217728,256,0,0,20,20,32,64,"0x0","0x7fcdda2618c0",1696951.1875,1039007.125,1769125,1368697,1616927020709911,1616927021311319,1616927024258037,1616927024337031,2946718
679,"void laplacian_kernel<double>(double*, double const*, int, int, int, double, double, double, double) [clone .kd]",2,0,2031,4124249,4124249,134217728,256,0,0,20,20,32,64,"0x0","0x7fcdda2618c0",1698234.5625,1039015.75,1768915,1368817,1616927024359492,1616927024979076,1616927027932994,1616927028019473,2953918
680,"void laplacian_kernel<double>(double*, double const*, int, int, int, double, double, double, double) [clone .kd]",2,0,2034,4124249,4124249,134217728,256,0,0,20,20,32,64,"0x0","0x7fcdda2618c0",1697176.5,1039017.9375,1770035,1367729,1616927028039901,1616927028661034,1616927031611112,1616927031613040,2950078
681,"void laplacian_kernel<double>(double*, double const*, int, int, int, double, double, double, double) [clone .kd]",2,0,2037,4124249,4124249,134217728,256,0,0,20,20,32,64,"0x0","0x7fcdda2618c0",1702122.5,1039044.1875,1767361,1370446,1616927031897870,1616927032323591,1616927035280229,1616927035360283,2956638
682,"void laplacian_kernel<double>(double*, double const*, int, int, int, double, double, double, double) [clone .kd]",2,0,2040,4124249,4124249,134217728,256,0,0,20,20,32,64,"0x0","0x7fcdda2618c0",1703056.8125,1039017.375,1768308,1369504,1616927035382785,1616927036022988,1616927038971946,1616927038973637,2948958
683,"void laplacian_kernel<double>(double*, double const*, int, int, int, double, double, double, double) [clone .kd]",2,0,2043,4124249,4124249,134217728,256,0,0,20,20,32,64,"0x0","0x7fcdda2618c0",1697572.6875,1039002.4375,1766486,1371311,1616927039268587,1616927039697546,1616927042652424,1616927042734005,2954878
684,"void laplacian_kernel<double>(double*, double const*, int, int, int, double, double, double, double) [clone .kd]",2,0,2046,4124249,4124249,134217728,256,0,0,20,20,32,64,"0x0","0x7fcdda2618c0",1692581.25,1039038.5,1769625,1368203,1616927042756707,1616927043368703,1616927046310461,1616927046389928,2941758
685,"void laplacian_kernel<double>(double*, double const*, int, int, int, double, double, double, double) [clone .kd]",2,0,2049,4124249,4124249,134217728,256,0,0,20,20,32,64,"0x0","0x7fcdda2618c0",1705531.9375,1039017.625,1763743,1374050,1616927046411418,1616927047011540,1616927049964018,1616927050043848,2952478
686,"void laplacian_kernel<double>(double*, double const*, int, int, int, double, double, double, double) [clone .kd]",2,0,2053,4124249,4124249,134217728,256,0,0,20,20,32,64,"0x0","0x7fcdda2618c0",1717277.375,1039034.5625,1765324,1372515,1616927055369783,1616927055841774,1616927058775852,1616927058855769,2934078
687,"void laplacian_kernel<double>(double*, double const*, int, int, int, double, double, double, double) [clone .kd]",2,0,2056,4124249,4124249,134217728,256,0,0,20,20,32,64,"0x0","0x7fcdda2618c0",1704889.5,1039043.125,1767858,1369919,1616927058880055,1616927059495011,1616927062434049,1616927062513155,2939038
688,"void laplacian_kernel<double>(double*, double const*, int, int, int, double, double, double, double) [clone .kd]",2,0,2059,4124249,4124249,134217728,256,0,0,20,20,32,64,"0x0","0x7fcdda2618c0",1702846.1875,1039014.5625,1765632,1372223,1616927062540506,1616927063163929,1616927066097367,1616927066177635,2933438
689,"void laplacian_kernel<double>(double*, double const*, int, int, int, double, double, double, double) [clone .kd]",2,0,2062,4124249,4124249,134217728,256,0,0,20,20,32,64,"0x0","0x7fcdda2618c0",1710647.5,1039024.1875,1766880,1370885,1616927066198654,1616927066819926,1616927069762644,1616927069842314,2942718
690,"void laplacian_kernel<double>(double*, double const*, int, int, int, double, double, double, double) [clone .kd]",2,0,2065,4124249,4124249,134217728,256,0,0,20,20,32,64,"0x0","0x7fcdda2618c0",1702659,1039029.625,1767119,1370591,1616927069865437,1616927070493683,1616927073434641,1616927073514938,2940958
691,"void laplacian_kernel<double>(double*, double const*, int, int, int, double, double, double, double) [clone .kd]",2,0,2068,4124249,4124249,134217728,256,0,0,20,20,32,64,"0x0","0x7fcdda2618c0",1697269.125,1039002.1875,1768987,1368783,1616927073537430,1616927074173081,1616927077119799,1616927077198874,2946718
692,"void laplacian_kernel<double>(double*, double const*, int, int, int, double, double, double, double) [clone .kd]",2,0,2071,4124249,4124249,134217728,256,0,0,20,20,32,64,"0x0","0x7fcdda2618c0",1700201.4375,1038986.375,1767118,1370681,1616927077220334,1616927077828678,1616927080768996,1616927080770670,2940318
693,"void laplacian_kernel<double>(double*, double const*, int, int, int, double, double, double, double) [clone .kd]",2,0,2074,4124249,4124249,134217728,256,0,0,20,20,32,64,"0x0","0x7fcdda2618c0",1697145.75,1039028.6875,1768454,1369304,1616927081055761,1616927081480598,1616927084431636,1616927084439457,2951038
694,"void laplacian_kernel<double>(double*, double const*, int, int, int, double, double, double, double) [clone .kd]",2,0,2077,4124249,4124249,134217728,256,0,0,20,20,32,64,"0x0","0x7fcdda2618c0",1698509.75,1039009.1875,1767734,1370047,1616927084721824,1616927085142354,1616927088095312,1616927088172604,2952958
695,"void laplacian_kernel<double>(double*, double const*, int, int, int, double, double, double, double) [clone .kd]",2,0,2080,4124249,4124249,134217728,256,0,0,20,20,32,64,"0x0","0x7fcdda2618c0",1697962.6875,1039012.5,1767590,1370171,1616927088196238,1616927088806031,1616927091750829,1616927091830251,2944798
696,"void laplacian_kernel<double>(double*, double const*, int, int, int, double, double, double, double) [clone .kd]",2,0,2083,4124249,4124249,134217728,256,0,0,20,20,32,64,"0x0","0x7fcdda2618c0",1702049.5,1039043.3125,1766144,1371675,1616927091855077,1616927092487308,1616927095438346,1616927095516240,2951038
697,"void laplacian_kernel<double>(double*, double const*, int, int, int, double, double, double, double) [clone .kd]",2,0,2086,4124249,4124249,134217728,256,0,0,20,20,32,64,"0x0","0x7fcdda2618c0",1704496.4375,1039025,1764235,1373563,1616927095538311,1616927096164825,1616927099122583,1616927099202881,2957758
698,"void laplacian_kernel<double>(double*, double const*, int, int, int, double, double, double, double) [clone .kd]",2,0,2089,4124249,4124249,134217728,256,0,0,20,20,32,64,"0x0","0x7fcdda2618c0",1702180.625,1039041.1875,1766156,1371643,1616927099222768,1616927099837382,1616927102775780,1616927102856700,2938398
699,"void laplacian_kernel<double>(double*, double const*, int, int, int, double, double, double, double) [clone .kd]",2,0,2092,4124249,4124249,134217728,256,0,0,20,20,32,64,"0x0","0x7fcdda2618c0",1701151.0625,1039036.25,1768598,1369129,1616927102878330,1616927103517899,1616927106460937,1616927106462790,2943038
700,"void laplacian_kernel<double>(double*, double const*, int, int, int, double, double, double, double) [clone .kd]",2,0,2095,4124249,4124249,134217728,256,0,0,20,20,32,64,"0x0","0x7fcdda2618c0",1698686.9375,1039030.25,1766218,1371561,1616927106753071,1616927107174056,1616927110125254,1616927110206156,2951198
701,"void laplacian_kernel<double>(double*, double const*, int, int, int, double, double, double, double) [clone .kd]",2,0,2098,4124249,4124249,134217728,256,0,0,20,20,32,64,"0x0","0x7fcdda2618c0",1693657.5,1039061.3125,1768451,1369319,1616927110228678,1616927110843453,1616927113790811,1616927113871276,2947358
702,"void laplacian_kernel<double>(double*, double const*, int, int, int, double, double, double, double) [clone .kd]",2,0,2101,4124249,4124249,134217728,256,0,0,20,20,32,64,"0x0","0x7fcdda2618c0",1697593.1875,1039018.0625,1768012,1369755,1616927113894239,1616927114510250,1616927117465128,1616927117544933,2954878
703,"void laplacian_kernel<double>(double*, double const*, int, int, int, double, double, double, double) [clone .kd]",2,0,2104,4124249,4124249,134217728,256,0,0,20,20,32,64,"0x0","0x7fcdda2618c0",1696226.625,1039028.625,1765533,1372253,1616927117565621,1616927118196407,1616927121136405,1616927121215463,2939998
704,"void laplacian_kernel<double>(double*, double const*, int, int, int, double, double, double, double) [clone .kd]",2,0,2107,4124249,4124249,134217728,256,0,0,20,20,32,64,"0x0","0x7fcdda2618c0",1703375.5625,1039004,1766810,1370957,1616927121237845,1616927121858324,1616927124795442,1616927124875374,2937118
705,"void laplacian_kernel<double>(double*, double const*, int, int, int, double, double, double, double) [clone .kd]",2,0,2110,4124249,4124249,134217728,256,0,0,20,20,32,64,"0x0","0x7fcdda2618c0",1700777.5,1039025.375,1767296,1370459,1616927124900130,1616927125514001,1616927128480239,1616927128559429,2966238
706,"void laplacian_kernel<double>(double*, double const*, int, int, int, double, double, double, double) [clone .kd]",2,0,2113,4124249,4124249,134217728,256,0,0,20,20,32,64,"0x0","0x7fcdda2618c0",1694598.1875,1039034.8125,1768927,1368890,1616927128583504,1616927129187358,1616927132132796,1616927132211315,2945438
707,"void laplacian_kernel<double>(double*, double const*, int, int, int, double, double, double, double) [clone .kd]",2,0,2116,4124249,4124249,134217728,256,0,0,20,20,32,64,"0x0","0x7fcdda2618c0",1701503.4375,1039043.125,1767390,1370382,1616927132234288,1616927132850235,1616927135797113,1616927135872418,2946878
708,"void laplacian_kernel<double>(double*, double const*, int, int, int, double, double, double, double) [clone .kd]",2,0,2119,4124249,4124249,134217728,256,0,0,20,20,32,64,"0x0","0x7fcdda2618c0",1705867.75,1039009.75,1769499,1368265,1616927135897945,1616927136533232,1616927139495790,1616927139575229,2962558
709,"void laplacian_kernel<double>(double*, double const*, int, int, int, double, double, double, double) [clone .kd]",2,0,2122,4124249,4124249,134217728,256,0,0,20,20,32,64,"0x0","0x7fcdda2618c0",1704150.125,1039017.1875,1766380,1371484,1616927139596308,1616927140229429,1616927143180467,1616927143259534,2951038
710,"void laplacian_kernel<double>(double*, double const*, int, int, int, double, double, double, double) [clone .kd]",2,0,2125,4124249,4124249,134217728,256,0,0,20,20,32,64,"0x0","0x7fcdda2618c0",1699998.25,1039022.5625,1767686,1370062,1616927143283930,1616927143895266,1616927146844704,1616927146925797,2949438
711,"void laplacian_kernel<double>(double*, double const*, int, int, int, double, double, double, double) [clone .kd]",2,0,2128,4124249,4124249,134217728,256,0,0,20,20,32,64,"0x0","0x7fcdda2618c0",1700129.4375,1039038,1765143,1372632,1616927146960882,1616927147562023,1616927150512101,1616927150592200,2950078
712,"void laplacian_kernel<double>(double*, double const*, int, int, int, double, double, double, double) [clone .kd]",2,0,2131,4124249,4124249,134217728,256,0,0,20,20,32,64,"0x0","0x7fcdda2618c0",1694753.25,1039023.4375,1769449,1368356,1616927150615513,1616927151236620,1616927154173418,1616927154253873,2936798
713,"void laplacian_kernel<double>(double*, double const*, int, int, int, double, double, double, double) [clone .kd]",2,0,2134,4124249,4124249,134217728,256,0,0,20,20,32,64,"0x0","0x7fcdda2618c0",1704059.4375,1039035.90625,1765673,1372055,1616927154273490,1616927154886817,1616927157827615,1616927157829587,2940798
714,"void laplacian_kernel<double>(double*, double const*, int, int, int, double, double, double, double) [clone .kd]",2,0,2137,4124249,4124249,134217728,256,0,0,20,20,32,64,"0x0","0x7fcdda2618c0",1698568.1875,1039038.875,1765935,1371861,1616927158119608,1616927158534654,1616927161489851,1616927161568285,2955197
715,"void laplacian_kernel<double>(double*, double const*, int, int, int, double, double, double, double) [clone .kd]",2,0,2140,4124249,4124249,134217728,256,0,0,20,20,32,64,"0x0","0x7fcdda2618c0",1703393.0625,1039009.8125,1766157,1371602,1616927161590807,1616927162220371,1616927165168528,1616927165170558,2948157
716,"void laplacian_kernel<double>(double*, double const*, int, int, int, double, double, double, double) [clone .kd]",2,0,2143,4124249,4124249,134217728,256,0,0,20,20,32,64,"0x0","0x7fcdda2618c0",1697721.375,1039014.3125,1768992,1368790,1616927165464075,1616927165881968,1616927168825005,1616927168827012,2943037
717,"void laplacian_kernel<double>(double*, double const*, int, int, int, double, double, double, double) [clone .kd]",2,0,2146,4124249,4124249,134217728,256,0,0,20,20,32,64,"0x0","0x7fcdda2618c0",1702075.625,1039033.875,1769283,1368506,1616927169123976,1616927169542765,1616927172494922,1616927172497342,2952157
718,"void laplacian_kernel<double>(double*, double const*, int, int, int, double, double, double, double) [clone .kd]",2,0,2149,4124249,4124249,134217728,256,0,0,20,20,32,64,"0x0","0x7fcdda2618c0",1699573.5625,1039007.875,1767440,1370292,1616927172775530,1616927173199242,1616927176146439,1616927176225590,2947197
719,"void laplacian_kernel<double>(double*, double const*, int, int, int, double, double, double, double) [clone .kd]",2,0,2152,4124249,4124249,134217728,256,0,0,20,20,32,64,"0x0","0x7fcdda2618c0",1695981.3125,1039023.0625,1769401,1368398,1616927176247912,1616927176862079,1616927179801916,1616927179878407,2939837
720,"void laplacian_kernel<double>(double*, double const*, int, int, int, double, double, double, double) [clone .kd]",2,0,2155,4124249,4124249,134217728,256,0,0,20,20,32,64,"0x0","0x7fcdda2618c0",1696851,1038980,1770791,1366989,1616927179902853,1616927180514396,1616927183459193,1616927183537546,2944797
721,"void laplacian_kernel<double>(double*, double const*, int, int, int, double, double, double, double) [clone .kd]",2,0,2158,4124249,4124249,134217728,256,0,0,20,20,32,64,"0x0","0x7fcdda2618c0",1699455.5,1039022.625,1767011,1370759,1616927183561200,1616927184186592,1616927187132670,1616927187212606,2946078
722,"void laplacian_kernel<double>(double*, double const*, int, int, int, double, double, double, double) [clone .kd]",2,0,2161,4124249,4124249,134217728,256,0,0,20,20,32,64,"0x0","0x7fcdda2618c0",1701203.8125,1038991.875,1768679,1369119,1616927187235007,1616927187845789,1616927190794587,1616927190874319,2948798
723,"void laplacian_kernel<double>(double*, double const*, int, int, int, double, double, double, double) [clone .kd]",2,0,2164,4124249,4124249,134217728,256,0,0,20,20,32,64,"0x0","0x7fcdda2618c0",1694634.5,1039016.4375,1768117,1369673,1616927190893876,1616927191517466,1616927194465144,1616927194544259,2947678
724,"void laplacian_kernel<double>(double*, double const*, int, int, int, double, double, double, double) [clone .kd]",2,0,2167,4124249,4124249,134217728,256,0,0,20,20,32,64,"0x0","0x7fcdda2618c0",1697866.4375,1039026.5625,1770408,1367428,1616927194564466,1616927195207663,1616927198148461,1616927198226591,2940798
725,"void laplacian_kernel<double>(double*, double const*, int, int, int, double, double, double, double) [clone .kd]",2,0,2170,4124249,4124249,134217728,256,0,0,20,20,32,64,"0x0","0x7fcdda2618c0",1701000.5,1039018.9375,1766944,1370907,1616927198249714,1616927198868260,1616927201809378,1616927201888666,2941118
726,"void laplacian_kernel<double>(double*, double const*, int, int, int, double, double, double, double) [clone .kd]",2,0,2173,4124249,4124249,134217728,256,0,0,20,20,32,64,"0x0","0x7fcdda2618c0",1696141.25,1039026.25,1769701,1368093,1616927201912440,1616927202533537,1616927205471935,1616927205473777,2938398
727,"void laplacian_kernel<double>(double*, double const*, int, int, int, double, double, double, double) [clone .kd]",2,0,2176,4124249,4124249,134217728,256,0,0,20,20,32,64,"0x0","0x7fcdda2618c0",1702422.6875,1039021.9375,1769097,1368682,1616927205777443,1616927206196734,1616927209147612,1616927209227122,2950878
728,"void laplacian_kernel<double>(double*, double const*, int, int, int, double, double, double, double) [clone .kd]",2,0,2179,4124249,4124249,134217728,256,0,0,20,20,32,64,"0x0","0x7fcdda2618c0",1695913.0625,1039036.8125,1768333,1369418,1616927209247420,1616927209873760,1616927212824798,1616927212907540,2951038
729,"void laplacian_kernel<double>(double*, double const*, int, int, int, double, double, double, double) [clone .kd]",2,0,2182,4124249,4124249,134217728,256,0,0,20,20,32,64,"0x0","0x7fcdda2618c0",1700415.4375,1039028.75,1766738,1371009,1616927212928109,1616927213549076,1616927216502674,1616927216583221,2953598
730,"void laplacian_kernel<double>(double*, double const*, int, int, int, double, double, double, double) [clone .kd]",2,0,2185,4124249,4124249,134217728,256,0,0,20,20,32,64,"0x0","0x7fcdda2618c0",1699408.125,1039018.375,1768338,1369505,1616927216607005,1616927217224313,1616927220173271,1616927220252358,2948958
731,"void laplacian_kernel<double>(double*, double const*, int, int, int, double, double, double, double) [clone .kd]",2,0,2188,4124249,4124249,134217728,256,0,0,20,20,32,64,"0x0","0x7fcdda2618c0",1699463.25,1039012.75,1765792,1371997,1616927220276203,1616927220884551,1616927223822468,1616927223900447,2937917
732,"void laplacian_kernel<double>(double*, double const*, int, int, int, double, double, double, double) [clone .kd]",2,0,2191,4124249,4124249,134217728,256,0,0,20,20,32,64,"0x0","0x7fcdda2618c0",1698041.1875,1039039.3125,1771493,1366282,1616927223931886,1616927224586428,1616927227538906,1616927227540751,2952478
733,"void laplacian_kernel<double>(double*, double const*, int, int, int, double, double, double, double) [clone .kd]",2,0,2194,4124249,4124249,134217728,256,0,0,20,20,32,64,"0x0","0x7fcdda2618c0",1699415.375,1038996.5,1767594,1370179,1616927227830832,1616927228248505,1616927231190743,1616927231270502,2942238
734,"void laplacian_kernel<double>(double*, double const*, int, int, int, double, double, double, double) [clone .kd]",2,0,2197,4124249,4124249,134217728,256,0,0,20,20,32,64,"0x0","0x7fcdda2618c0",1696220.125,1039045.8125,1768598,1369175,1616927231291030,1616927231919543,1616927234855380,1616927234934149,2935837
735,"void laplacian_kernel<double>(double*, double const*, int, int, int, double, double, double, double) [clone .kd]",2,0,2200,4124249,4124249,134217728,256,0,0,20,20,32,64,"0x0","0x7fcdda2618c0",1701402.1875,1039032.9375,1767174,1370617,1616927234956711,1616927235558620,1616927238516698,1616927238597396,2958078
736,"void laplacian_kernel<double>(double*, double const*, int, int, int, double, double, double, double) [clone .kd]",2,0,2203,4124249,4124249,134217728,256,0,0,20,20,32,64,"0x0","0x7fcdda2618c0",1703486.25,1039014.125,1740925,1396807,1616927238620449,1616927239232937,1616927242186215,1616927242187857,2953278
737,"void laplacian_kernel<double>(double*, double const*, int, int, int, double, double, double, double) [clone .kd]",2,0,2206,4124249,4124249,134217728,256,0,0,20,20,32,64,"0x0","0x7fcdda2618c0",1696833.9375,1038993.4375,1754361,1383409,1616927242484580,1616927242906054,1616927245851172,1616927245853258,2945118
738,"void laplacian_kernel<double>(double*, double const*, int, int, int, double, double, double, double) [clone .kd]",2,0,2209,4124249,4124249,134217728,256,0,0,20,20,32,64,"0x0","0x7fcdda2618c0",1694533.25,1039022.125,1757344,1380410,1616927246138340,1616927246557092,1616927249502050,1616927249580504,2944958
739,"void laplacian_kernel<double>(double*, double const*, int, int, int, double, double, double, double) [clone .kd]",2,0,2212,4124249,4124249,134217728,256,0,0,20,20,32,64,"0x0","0x7fcdda2618c0",1694891.75,1039001.8125,1759982,1377780,1616927249599650,1616927250229209,1616927253170327,1616927253248951,2941118
740,"void laplacian_kernel<double>(double*, double const*, int, int, int, double, double, double, double) [clone .kd]",2,0,2215,4124249,4124249,134217728,256,0,0,20,20,32,64,"0x0","0x7fcdda2618c0",1698769.25,1039008.5625,1767846,1370004,1616927253271964,1616927253882686,1616927256826204,1616927256906076,2943518
741,"void laplacian_kernel<double>(double*, double const*, int, int, int, double, double, double, double) [clone .kd]",2,0,2218,4124249,4124249,134217728,256,0,0,20,20,32,64,"0x0","0x7fcdda2618c0",1697954,1039011.5,1768434,1369380,1616927256928358,1616927257554924,1616927260495242,1616927260574072,2940318
742,"void laplacian_kernel<double>(double*, double const*, int, int, int, double, double, double, double) [clone .kd]",2,0,2221,4124249,4124249,134217728,256,0,0,20,20,32,64,"0x0","0x7fcdda2618c0",1698328.375,1039003.1875,1770317,1367466,1616927260602114,1616927261207081,1616927264158919,1616927264236948,2951838
743,"void laplacian_kernel<double>(double*, double const*, int, int, int, double, double, double, double) [clone .kd]",2,0,2224,4124249,4124249,134217728,256,0,0,20,20,32,64,"0x0","0x7fcdda2618c0",1702058.8125,1039037.5,1769969,1367867,1616927264256885,1616927264879598,1616927267817516,1616927267895406,2937918
744,"void laplacian_kernel<double>(double*, double const*, int, int, int, double, double, double, double) [clone .kd]",2,0,2227,4124249,4124249,134217728,256,0,0,20,20,32,64,"0x0","0x7fcdda2618c0",1699715.875,1039034.5,1768045,1369788,1616927267915183,1616927268540436,1616927271492914,1616927271572469,2952478
745,"void laplacian_kernel<double>(double*, double const*, int, int, int, double, double, double, double) [clone .kd]",2,0,2230,4124249,4124249,134217728,256,0,0,20,20,32,64,"0x0","0x7fcdda2618c0",1699513.5,1039033.25,1767249,1370510,1616927271595091,1616927272206433,1616927275161951,1616927275241476,2955518
746,"void laplacian_kernel<double>(double*, double const*, int, int, int, double, double, double, double) [clone .kd]",2,0,2233,4124249,4124249,134217728,256,0,0,20,20,32,64,"0x0","0x7fcdda2618c0",1698847.875,1039018.5,1766565,1371256,1616927275264539,1616927275886925,1616927278832044,1616927278919320,2945119
747,"void laplacian_kernel<double>(double*, double const*, int, int, int, double, double, double, double) [clone .kd]",2,0,2236,4124249,4124249,134217728,256,0,0,20,20,32,64,"0x0","0x7fcdda2618c0",1701412.5,1039042.0625,1768215,1369535,1616927278960146,1616927279562842,1616927282520600,1616927282600410,2957758
748,"void laplacian_kernel<double>(double*, double const*, int, int, int, double, double, double, double) [clone .kd]",2,0,2239,4124249,4124249,134217728,256,0,0,20,20,32,64,"0x0","0x7fcdda2618c0",1697506,1039035.75,1767830,1369924,1616927282621009,1616927283236800,1616927286188798,1616927286268145,2951998
749,"void laplacian_kernel<double>(double*, double const*, int, int, int, double, double, double, double) [clone .kd]",2,0,2242,4124249,4124249,134217728,256,0,0,20,20,32,64,"0x0","0x7fcdda2618c0",1695953.375,1039001.9375,1765524,1372310,1616927286289004,1616927286924677,1616927289863236,1616927289941681,2938559
750,"void laplacian_kernel<double>(double*, double const*, int, int, int, double, double, double, double) [clone .kd]",2,0,2245,4124249,4124249,134217728,256,0,0,20,20,32,64,"0x0","0x7fcdda2618c0",1698529.1875,1039034.3125,1769501,1368271,1616927289964234,1616927290568995,1616927293514273,1616927293593657,2945278
751,"void laplacian_kernel<double>(double*, double const*, int, int, int, double, double, double, double) [clone .kd]",2,0,2248,4124249,4124249,134217728,256,0,0,20,20,32,64,"0x0","0x7fcdda2618c0",1698061.625,1039037.6875,1767190,1370600,1616927293616310,1616927294231353,1616927297181111,1616927297260561,2949758
752,"void laplacian_kernel<double>(double*, double const*, int, int, int, double, double, double, double) [clone .kd]",2,0,2251,4124249,4124249,134217728,256,0,0,20,20,32,64,"0x0","0x7fcdda2618c0",1698046.75,1039027.125,1768351,1369440,1616927297288994,1616927297895670,1616927300844149,1616927300922235,2948479
753,"void laplacian_kernel<double>(double*, double const*, int, int, int, double, double, double, double) [clone .kd]",2,0,2254,4124249,4124249,134217728,256,0,0,20,20,32,64,"0x0","0x7fcdda2618c0",1697747.75,1039029.8125,1767583,1370209,1616927300943324,1616927301555988,1616927304513426,1616927304591403,2957438
754,"void laplacian_kernel<double>(double*, double const*, int, int, int, double, double, double, double) [clone .kd]",2,0,2257,4124249,4124249,134217728,256,0,0,20,20,32,64,"0x0","0x7fcdda2618c0",1698637.0625,1039015.125,1767573,1370234,1616927304613905,1616927305235746,1616927308186944,1616927308263145,2951198
755,"void laplacian_kernel<double>(double*, double const*, int, int, int, double, double, double, double) [clone .kd]",2,0,2260,4124249,4124249,134217728,256,0,0,20,20,32,64,"0x0","0x7fcdda2618c0",1702784.125,1039017.625,1769261,1368549,1616927308287571,1616927308901063,1616927311839622,1616927311916504,2938559
756,"void laplacian_kernel<double>(double*, double const*, int, int, int, double, double, double, double) [clone .kd]",2,0,2263,4124249,4124249,134217728,256,0,0,20,20,32,64,"0x0","0x7fcdda2618c0",1698867.5,1039035.75,1763431,1374274,1616927311939827,1616927312570181,1616927315523139,1616927315600539,2952958
757,"void laplacian_kernel<double>(double*, double const*, int, int, int, double, double, double, double) [clone .kd]",2,0,2266,4124249,4124249,134217728,256,0,0,20,20,32,64,"0x0","0x7fcdda2618c0",1702867.25,1039026.4375,1768202,1369655,1616927315620727,1616927316231579,1616927319177177,1616927319255160,2945598
758,"void laplacian_kernel<double>(double*, double const*, int, int, int, double, double, double, double) [clone .kd]",2,0,2269,4124249,4124249,134217728,256,0,0,20,20,32,64,"0x0","0x7fcdda2618c0",1695333.5,1039033.375,1764937,1372836,1616927319277251,1616927319909096,1616927322855975,1616927322857574,2946879
759,"void laplacian_kernel<double>(double*, double const*, int, int, int, double, double, double, double) [clone .kd]",2,0,2272,4124249,4124249,134217728,256,0,0,20,20,32,64,"0x0","0x7fcdda2618c0",1697923.6875,1039019.125,1767187,1370580,1616927323149999,1616927323568454,1616927326517252,1616927326596151,2948798
760,"void laplacian_kernel<double>(double*, double const*, int, int, int, double, double, double, double) [clone .kd]",2,0,2275,4124249,4124249,134217728,256,0,0,20,20,32,64,"0x0","0x7fcdda2618c0",1695347.75,1039035.1875,1771231,1366593,1616927326619194,1616927327232372,1616927330172370,1616927330252545,2939998
761,"void laplacian_kernel<double>(double*, double const*, int, int, int, double, double, double, double) [clone .kd]",2,0,2278,4124249,4124249,134217728,256,0,0,20,20,32,64,"0x0","0x7fcdda2618c0",1695916.9375,1039032.875,1767291,1370493,1616927330277752,1616927330893329,1616927333831248,1616927333909360,2937919
762,"void laplacian_kernel<double>(double*, double const*, int, int, int, double, double, double, double) [clone .kd]",2,0,2281,4124249,4124249,134217728,256,0,0,20,20,32,64,"0x0","0x7fcdda2618c0",1695837.0625,1039038.5,1764384,1373430,1616927333928966,1616927334536647,1616927337487205,1616927337566275,2950558
763,"void laplacian_kernel<double>(double*, double const*, int, int, int, double, double, double, double) [clone .kd]",2,0,2284,4124249,4124249,134217728,256,0,0,20,20,32,64,"0x0","0x7fcdda2618c0",1699607.125,1039032.1875,1767683,1370116,1616927337587404,1616927338205205,1616927341162163,1616927341240592,2956958
764,"void laplacian_kernel<double>(double*, double const*, int, int, int, double, double, double, double) [clone .kd]",2,0,2287,4124249,4124249,134217728,256,0,0,20,20,32,64,"0x0","0x7fcdda2618c0",1701055.75,1039025.25,1767634,1370187,1616927341264126,1616927341870187,1616927344833545,1616927344921522,2963358
765,"void laplacian_kernel<double>(double*, double const*, int, int, int, double, double, double, double) [clone .kd]",2,0,2290,4124249,4124249,134217728,256,0,0,20,20,32,64,"0x0","0x7fcdda2618c0",1698941.0625,1039021.5625,1771062,1366675,1616927344946088,1616927345546663,1616927348498981,1616927348578618,2952318
766,"void laplacian_kernel<double>(double*, double const*, int, int, int, double, double, double, double) [clone .kd]",2,0,2293,4124249,4124249,134217728,256,0,0,20,20,32,64,"0x0","0x7fcdda2618c0",1697257,1039040.5,1768004,1369791,1616927348600528,1616927349224500,1616927352174738,1616927352251793,2950238
767,"void laplacian_kernel<double>(double*, double const*, int, int, int, double, double, double, double) [clone .kd]",2,0,2296,4124249,4124249,134217728,256,0,0,20,20,32,64,"0x0","0x7fcdda2618c0",1697465.75,1039023.5,1768925,1368845,1616927352276779,1616927352882177,1616927355817215,1616927355894922,2935038
768,"void laplacian_kernel<double>(double*, double const*, int, int, int, double, double, double, double) [clone .kd]",2,0,2299,4124249,4124249,134217728,256,0,0,20,20,32,64,"0x0","0x7fcdda2618c0",1699988.25,1039008.375,1769234,1368552,1616927355916983,1616927356558415,1616927359503852,1616927359581743,2945437
769,"void laplacian_kernel<double>(double*, double const*, int, int, int, double, double, double, double) [clone .kd]",2,0,2302,4124249,4124249,134217728,256,0,0,20,20,32,64,"0x0","0x7fcdda2618c0",1694731,1039027.75,1764094,1373673,1616927359604515,1616927360216092,1616927363160409,1616927363239179,2944317
770,"void laplacian_kernel<double>(double*, double const*, int, int, int, double, double, double, double) [clone .kd]",2,0,2305,4124249,4124249,134217728,256,0,0,20,20,32,64,"0x0","0x7fcdda2618c0",1698892.1875,1039035.6875,1769470,1368291,1616927363263404,1616927363868649,1616927366817607,1616927366896605,2948958
771,"void laplacian_kernel<double>(double*, double const*, int, int, int, double, double, double, double) [clone .kd]",2,0,2308,4124249,4124249,134217728,256,0,0,20,20,32,64,"0x0","0x7fcdda2618c0",1693384.375,1039012.1875,1764947,1372904,1616927366920660,1616927367529486,1616927370480684,1616927370560743,2951198
772,"void laplacian_kernel<double>(double*, double const*, int, int, int, double, double, double, double) [clone .kd]",2,0,2311,4124249,4124249,134217728,256,0,0,20,20,32,64,"0x0","0x7fcdda2618c0",1698665.625,1039030.1875,1768656,1369140,1616927370581141,1616927371189083,1616927374138041,1616927374217168,2948958
773,"void laplacian_kernel<double>(double*, double const*, int, int, int, double, double, double, double) [clone .kd]",2,0,2314,4124249,4124249,134217728,256,0,0,20,20,32,64,"0x0","0x7fcdda2618c0",1694019.625,1039010.1875,1766469,1371421,1616927374238357,1616927374860600,1616927377807478,1616927377887638,2946878
774,"void laplacian_kernel<double>(double*, double const*, int, int, int, double, double, double, double) [clone .kd]",2,0,2317,4124249,4124249,134217728,256,0,0,20,20,32,64,"0x0","0x7fcdda2618c0",1696074.5625,1039041.4375,1768291,1369488,1616927377911623,1616927378514358,1616927381473715,1616927381552307,2959357
775,"void laplacian_kernel<double>(double*, double const*, int, int, int, double, double, double, double) [clone .kd]",2,0,2320,4124249,4124249,134217728,256,0,0,20,20,32,64,"0x0","0x7fcdda2618c0",1703046.25,1039014.75,1770011,1367776,1616927381577454,1616927382206795,1616927385157352,1616927385159359,2950557
776,"void laplacian_kernel<double>(double*, double const*, int, int, int, double, double, double, double) [clone .kd]",2,0,2323,4124249,4124249,134217728,256,0,0,20,20,32,64,"0x0","0x7fcdda2618c0",1700922.125,1039005.1875,1768305,1369451,1616927385450632,1616927385873672,1616927388828230,1616927388907404,2954558
777,"void laplacian_kernel<double>(double*, double const*, int, int, int, double, double, double, double) [clone .kd]",2,0,2326,4124249,4124249,134217728,256,0,0,20,20,32,64,"0x0","0x7fcdda2618c0",1706950.6875,1039030.0625,1766398,1371401,1616927388927812,1616927389552509,1616927392504667,1616927392584206,2952158
778,"void laplacian_kernel<double>(double*, double const*, int, int, int, double, double, double, double) [clone .kd]",2,0,2329,4124249,4124249,134217728,256,0,0,20,20,32,64,"0x0","0x7fcdda2618c0",1698394.5,1039005.625,1766043,1371731,1616927392605015,1616927393225746,1616927396167184,1616927396244127,2941438
779,"void laplacian_kernel<double>(double*, double const*, int, int, int, double, double, double, double) [clone .kd]",2,0,2332,4124249,4124249,134217728,256,0,0,20,20,32,64,"0x0","0x7fcdda2618c0",1696285.125,1039022.0625,1769618,1368212,1616927396268122,1616927396869063,1616927399814821,1616927399890663,2945758
780,"void laplacian_kernel<double>(double*, double const*, int, int, int, double, double, double, double) [clone .kd]",2,0,2335,4124249,4124249,134217728,256,0,0,20,20,32,64,"0x0","0x7fcdda2618c0",1695931.4375,1039055,1768367,1369488,1616927399915960,1616927400535501,1616927403484938,1616927403562996,2949437
781,"void laplacian_kernel<double>(double*, double const*, int, int, int, double, double, double, double) [clone .kd]",2,0,2338,4124249,4124249,134217728,256,0,0,20,20,32,64,"0x0","0x7fcdda2618c0",1700644.1875,1039019.5,1767844,1369943,1616927403585949,1616927407432841,1616927410358439,1616927410446925,2925598
782,"void laplacian_kernel<double>(double*, double const*, int, int, int, double, double, double, double) [clone .kd]",2,0,2341,4124249,4124249,134217728,256,0,0,20,20,32,64,"0x0","0x7fcdda2618c0",1700677.25,1039017.3125,1766102,1371715,1616927410473605,1616927411117797,1616927414044195,1616927414123397,2926398
783,"void laplacian_kernel<double>(double*, double const*, int, int, int, double, double, double, double) [clone .kd]",2,0,2344,4124249,4124249,134217728,256,0,0,20,20,32,64,"0x0","0x7fcdda2618c0",1703216.25,1039039.375,1768895,1368839,1616927414144456,1616927414771594,1616927417713192,1616927417792114,2941598
784,"void laplacian_kernel<double>(double*, double const*, int, int, int, double, double, double, double) [clone .kd]",2,0,2347,4124249,4124249,134217728,256,0,0,20,20,32,64,"0x0","0x7fcdda2618c0",1699751.0625,1039033.4375,1766569,1371125,1616927417817631,1616927418421352,1616927421365829,1616927421444761,2944477
785,"void laplacian_kernel<double>(double*, double const*, int, int, int, double, double, double, double) [clone .kd]",2,0,2350,4124249,4124249,134217728,256,0,0,20,20,32,64,"0x0","0x7fcdda2618c0",1709125.1875,1038997.25,1770938,1366804,1616927421469166,1616927422085349,1616927425038147,1616927425117736,2952798
786,"void laplacian_kernel<double>(double*, double const*, int, int, int, double, double, double, double) [clone .kd]",2,0,2353,4124249,4124249,134217728,256,0,0,20,20,32,64,"0x0","0x7fcdda2618c0",1701537.8125,1039046,1769115,1368643,1616927425140619,1616927425757266,1616927428715664,1616927428793095,2958398
787,"void laplacian_kernel<double>(double*, double const*, int, int, int, double, double, double, double) [clone .kd]",2,0,2356,4124249,4124249,134217728,256,0,0,20,20,32,64,"0x0","0x7fcdda2618c0",1701796.25,1039015.1875,1767510,1370232,1616927428815617,1616927429431823,1616927432390541,1616927432469566,2958718
788,"void laplacian_kernel<double>(double*, double const*, int, int, int, double, double, double, double) [clone .kd]",2,0,2359,4124249,4124249,134217728,256,0,0,20,20,32,64,"0x0","0x7fcdda2618c0",1702366.375,1039040.1875,1768689,1369193,1616927432490986,1616927433106980,1616927436047458,1616927436127504,2940478
789,"void laplacian_kernel<double>(double*, double const*, int, int, int, double, double, double, double) [clone .kd]",2,0,2362,4124249,4124249,134217728,256,0,0,20,20,32,64,"0x0","0x7fcdda2618c0",1693263.25,1039038.25,1767730,1370125,1616927436151889,1616927436762378,1616927439705256,1616927439782946,2942878
790,"void laplacian_kernel<double>(double*, double const*, int, int, int, double, double, double, double) [clone .kd]",2,0,2365,4124249,4124249,134217728,256,0,0,20,20,32,64,"0x0","0x7fcdda2618c0",1698445.8125,1039002.875,1765358,1372408,1616927439809726,1616927440424415,1616927443370173,1616927443449138,2945758
791,"void laplacian_kernel<double>(double*, double const*, int, int, int, double, double, double, double) [clone .kd]",2,0,2368,4124249,4124249,134217728,256,0,0,20,20,32,64,"0x0","0x7fcdda2618c0",1696527.5625,1039028.5,1768793,1368984,1616927443478774,1616927444091492,1616927447035330,1616927447114990,2943838
792,"void laplacian_kernel<double>(double*, double const*, int, int, int, double, double, double, double) [clone .kd]",2,0,2371,4124249,4124249,134217728,256,0,0,20,20,32,64,"0x0","0x7fcdda2618c0",1697802.3125,1039031.0625,1767954,1369821,1616927447137091,1616927447770009,1616927450715927,1616927450795219,2945918
793,"void laplacian_kernel<double>(double*, double const*, int, int, int, double, double, double, double) [clone .kd]",2,0,2374,4124249,4124249,134217728,256,0,0,20,20,32,64,"0x0","0x7fcdda2618c0",1697050.4375,1039011,1771322,1366436,1616927450816288,1616927451434647,1616927454383925,1616927454463084,2949278
794,"void laplacian_kernel<double>(double*, double const*, int, int, int, double, double, double, double) [clone .kd]",2,0,2377,4124249,4124249,134217728,256,0,0,20,20,32,64,"0x0","0x7fcdda2618c0",1698981.5,1039005.625,1767527,1370375,1616927454487159,1616927455098884,1616927458045442,1616927458125599,2946558
795,"void laplacian_kernel<double>(double*, double const*, int, int, int, double, double, double, double) [clone .kd]",2,0,2380,4124249,4124249,134217728,256,0,0,20,20,32,64,"0x0","0x7fcdda2618c0",1697462.25,1039038.375,1766515,1371183,1616927458149013,1616927458750441,1616927461698279,1616927461778266,2947838
796,"void laplacian_kernel<double>(double*, double const*, int, int, int, double, double, double, double) [clone .kd]",2,0,2383,4124249,4124249,134217728,256,0,0,20,20,32,64,"0x0","0x7fcdda2618c0",1696434.9375,1039027.5625,1767248,1370481,1616927461807651,1616927462413438,1616927465360156,1616927465439229,2946718
797,"void laplacian_kernel<double>(double*, double const*, int, int, int, double, double, double, double) [clone .kd]",2,0,2386,4124249,4124249,134217728,256,0,0,20,20,32,64,"0x0","0x7fcdda2618c0",1704814,1039014.1875,1767191,1370626,1616927465462312,1616927466092676,1616927469031394,1616927469110531,2938718
798,"void laplacian_kernel<double>(double*, double const*, int, int, int, double, double, double, double) [clone .kd]",2,0,2389,4124249,4124249,134217728,256,0,0,20,20,32,64,"0x0","0x7fcdda2618c0",1698160.5625,1039014.25,1766391,1371414,1616927469131480,1616927469743833,1616927472697111,1616927472775741,2953278
799,"void laplacian_kernel<double>(double*, double const*, int, int, int, double, double, double, double) [clone .kd]",2,0,2392,4124249,4124249,134217728,256,0,0,20,20,32,64,"0x0","0x7fcdda2618c0",1699910.5,1039032.8125,1767505,1370306,1616927472798444,1616927473413647,1616927476363885,1616927476450980,2950238
800,"void laplacian_kernel<double>(double*, double const*, int, int, int, double, double, double, double) [clone .kd]",2,0,2395,4124249,4124249,134217728,256,0,0,20,20,32,64,"0x0","0x7fcdda2618c0",1700167.9375,1039013.4375,1769541,1368225,1616927476476458,1616927477095643,1616927480039801,1616927480117613,2944158
801,"void laplacian_kernel<double>(double*, double const*, int, int, int, double, double, double, double) [clone .kd]",2,0,2398,4124249,4124249,134217728,256,0,0,20,20,32,64,"0x0","0x7fcdda2618c0",1701033.3125,1039006.5625,1765541,1372238,1616927480145816,1616927480770680,1616927483707158,1616927483781872,2936478
802,"void laplacian_kernel<double>(double*, double const*, int, int, int, double, double, double, double) [clone .kd]",2,0,2401,4124249,4124249,134217728,256,0,0,20,20,32,64,"0x0","0x7fcdda2618c0",1698598.25,1039027.1875,1765309,1372468,1616927483807530,1616927484410878,1616927487360315,1616927487440040,2949437
803,"void laplacian_kernel<double>(double*, double const*, int, int, int, double, double, double, double) [clone .kd]",2,0,2404,4124249,4124249,134217728,256,0,0,20,20,32,64,"0x0","0x7fcdda2618c0",1695669.25,1039016.3125,1765404,1372347,1616927487459806,1616927488082435,1616927491027873,1616927491106362,2945438
804,"void laplacian_kernel<double>(double*, double const*, int, int, int, double, double, double, double) [clone .kd]",2,0,2407,4124249,4124249,134217728,256,0,0,20,20,32,64,"0x0","0x7fcdda2618c0",1696458.125,1039033.375,1768388,1369375,1616927491129465,1616927491743792,1616927494698030,1616927494778285,2954238
805,"void laplacian_kernel<double>(double*, double const*, int, int, int, double, double, double, double) [clone .kd]",2,0,2410,4124249,4124249,134217728,256,0,0,20,20,32,64,"0x0","0x7fcdda2618c0",1697074.0625,1038997.5,1769384,1368382,1616927494800186,1616927495400510,1616927498351067,1616927498430091,2950557
806,"void laplacian_kernel<double>(double*, double const*, int, int, int, double, double, double, double) [clone .kd]",2,0,2413,4124249,4124249,134217728,256,0,0,20,20,32,64,"0x0","0x7fcdda2618c0",1700481.4375,1039026,1768285,1369535,1616927498459285,1616927499067587,1616927502008705,1616927502086896,2941118
807,"void laplacian_kernel<double>(double*, double const*, int, int, int, double, double, double, double) [clone .kd]",2,0,2416,4124249,4124249,134217728,256,0,0,20,20,32,64,"0x0","0x7fcdda2618c0",1702731.25,1039022,1768014,1369807,1616927502107695,1616927502722624,1616927505676222,1616927505677908,2953598
808,"void laplacian_kernel<double>(double*, double const*, int, int, int, double, double, double, double) [clone .kd]",2,0,2419,4124249,4124249,134217728,256,0,0,20,20,32,64,"0x0","0x7fcdda2618c0",1700890.9375,1039024.8125,1767388,1370373,1616927505970052,1616927506379582,1616927509338459,1616927509340052,2958877
809,"void laplacian_kernel<double>(double*, double const*, int, int, int, double, double, double, double) [clone .kd]",2,0,2422,4124249,4124249,134217728,256,0,0,20,20,32,64,"0x0","0x7fcdda2618c0",1696806.6875,1039015,1764346,1373378,1616927509645652,1616927510063739,1616927513017977,1616927513097204,2954238
810,"void laplacian_kernel<double>(double*, double const*, int, int, int, double, double, double, double) [clone .kd]",2,0,2425,4124249,4124249,134217728,256,0,0,20,20,32,64,"0x0","0x7fcdda2618c0",1700491.625,1039023.4375,1768618,1369125,1616927513118955,1616927513738616,1616927516681814,1616927516760732,2943198
811,"void laplacian_kernel<double>(double*, double const*, int, int, int, double, double, double, double) [clone .kd]",2,0,2428,4124249,4124249,134217728,256,0,0,20,20,32,64,"0x0","0x7fcdda2618c0",1699272.625,1039033.375,1768228,1369614,1616927516789405,1616927517401013,1616927520346131,1616927520425562,2945118
812,"void laplacian_kernel<double>(double*, double const*, int, int, int, double, double, double, double) [clone .kd]",2,0,2431,4124249,4124249,134217728,256,0,0,20,20,32,64,"0x0","0x7fcdda2618c0",1695740.5,1039012.6875,1769220,1368500,1616927520446140,1616927521061371,1616927524003929,1616927524081946,2942558
813,"void laplacian_kernel<double>(double*, double const*, int, int, int, double, double, double, double) [clone .kd]",2,0,2434,4124249,4124249,134217728,256,0,0,20,20,32,64,"0x0","0x7fcdda2618c0",1697894,1039007.21875,1769058,1368701,1616927524102013,1616927524715088,1616927527674286,1616927527751404,2959198
814,"void laplacian_kernel<double>(double*, double const*, int, int, int, double, double, double, double) [clone .kd]",2,0,2437,4124249,4124249,134217728,256,0,0,20,20,32,64,"0x0","0x7fcdda2618c0",1696512.75,1039024.9375,1767334,1370411,1616927527777603,1616927528386485,1616927531338483,1616927531418278,2951998
815,"void laplacian_kernel<double>(double*, double const*, int, int, int, double, double, double, double) [clone .kd]",2,0,2440,4124249,4124249,134217728,256,0,0,20,20,32,64,"0x0","0x7fcdda2618c0",1696383.625,1039004.9375,1771676,1366094,1616927531442022,1616927532051763,1616927534992241,1616927535070784,2940478
816,"void laplacian_kernel<double>(double*, double const*, int, int, int, double, double, double, double) [clone .kd]",2,0,2443,4124249,4124249,134217728,256,0,0,20,20,32,64,"0x0","0x7fcdda2618c0",1696984.1875,1039027.125,1766377,1371454,1616927535098967,1616927535712320,1616927538663198,1616927538742217,2950878
817,"void laplacian_kernel<double>(double*, double const*, int, int, int, double, double, double, double) [clone .kd]",2,0,2446,4124249,4124249,134217728,256,0,0,20,20,32,64,"0x0","0x7fcdda2618c0",1699665.625,1039032.0625,1765304,1372449,1616927538762745,1616927539385952,1616927542329150,1616927542417576,2943198
818,"void laplacian_kernel<double>(double*, double const*, int, int, int, double, double, double, double) [clone .kd]",2,0,2449,4124249,4124249,134217728,256,0,0,20,20,32,64,"0x0","0x7fcdda2618c0",1698707.75,1039004.9375,1766316,1371490,1616927542442092,1616927543046108,1616927545995546,1616927546074391,2949438
819,"void laplacian_kernel<double>(double*, double const*, int, int, int, double, double, double, double) [clone .kd]",2,0,2452,4124249,4124249,134217728,256,0,0,20,20,32,64,"0x0","0x7fcdda2618c0",1695945.0625,1039046.75,1764715,1373046,1616927546099688,1616927546706705,1616927549660463,1616927549741264,2953758
820,"void laplacian_kernel<double>(double*, double const*, int, int, int, double, double, double, double) [clone .kd]",2,0,2455,4124249,4124249,134217728,256,0,0,20,20,32,64,"0x0","0x7fcdda2618c0",1702969,1039037.375,1768367,1369399,1616927549761773,1616927550375422,1616927553321180,1616927553400744,2945758
821,"void laplacian_kernel<double>(double*, double const*, int, int, int, double, double, double, double) [clone .kd]",2,0,2458,4124249,4124249,134217728,256,0,0,20,20,32,64,"0x0","0x7fcdda2618c0",1700160.5,1039040.3125,1768927,1368825,1616927553420521,1616927554033780,1616927556977297,1616927556979413,2943517
822,"void laplacian_kernel<double>(double*, double const*, int, int, int, double, double, double, double) [clone .kd]",2,0,2461,4124249,4124249,134217728,256,0,0,20,20,32,64,"0x0","0x7fcdda2618c0",1695128.625,1039006.75,1769571,1368175,1616927557265326,1616927557694417,1616927560643535,1616927560723210,2949118
823,"void laplacian_kernel<double>(double*, double const*, int, int, int, double, double, double, double) [clone .kd]",2,0,2464,4124249,4124249,134217728,256,0,0,20,20,32,64,"0x0","0x7fcdda2618c0",1698459.3125,1039023.0625,1768228,1369518,1616927560745983,1616927561353214,1616927564302652,1616927564381598,2949438
824,"void laplacian_kernel<double>(double*, double const*, int, int, int, double, double, double, double) [clone .kd]",2,0,2467,4124249,4124249,134217728,256,0,0,20,20,32,64,"0x0","0x7fcdda2618c0",1695629.125,1039022.75,1766777,1370988,1616927564405152,1616927565030011,1616927567983609,1616927568051798,2953598
825,"void laplacian_kernel<double>(double*, double const*, int, int, int, double, double, double, double) [clone .kd]",2,0,2470,4124249,4124249,134217728,256,0,0,20,20,32,64,"0x0","0x7fcdda2618c0",1697113.4375,1039013.625,1767673,1370102,1616927568282959,1616927568710329,1616927571658486,1616927571736024,2948157
826,"void laplacian_kernel<double>(double*, double const*, int, int, int, double, double, double, double) [clone .kd]",2,0,2473,4124249,4124249,134217728,256,0,0,20,20,32,64,"0x0","0x7fcdda2618c0",1699208.875,1039032.5625,1765268,1372503,1616927571755931,1616927572387006,1616927575333563,1616927575412295,2946557
827,"void laplacian_kernel<double>(double*, double const*, int, int, int, double, double, double, double) [clone .kd]",2,0,2476,4124249,4124249,134217728,256,0,0,20,20,32,64,"0x0","0x7fcdda2618c0",1704957.4375,1039026.5,1769681,1368134,1616927575433875,1616927576060363,1616927579007081,1616927579087925,2946718
828,"void laplacian_kernel<double>(double*, double const*, int, int, int, double, double, double, double) [clone .kd]",2,0,2479,4124249,4124249,134217728,256,0,0,20,20,32,64,"0x0","0x7fcdda2618c0",1703681.0625,1039004.25,1769612,1368156,1616927579110828,1616927579712760,1616927582668118,1616927582748086,2955358
829,"void laplacian_kernel<double>(double*, double const*, int, int, int, double, double, double, double) [clone .kd]",2,0,2482,4124249,4124249,134217728,256,0,0,20,20,32,64,"0x0","0x7fcdda2618c0",1699858.0625,1039009.9375,1766316,1371423,1616927582772110,1616927583387557,1616927586336195,1616927586416572,2948638
830,"void laplacian_kernel<double>(double*, double const*, int, int, int, double, double, double, double) [clone .kd]",2,0,2485,4124249,4124249,134217728,256,0,0,20,20,32,64,"0x0","0x7fcdda2618c0",1695829.3125,1039019.875,1768045,1369778,1616927586439285,1616927587041755,1616927589985752,1616927590064731,2943997
831,"void laplacian_kernel<double>(double*, double const*, int, int, int, double, double, double, double) [clone .kd]",2,0,2488,4124249,4124249,134217728,256,0,0,20,20,32,64,"0x0","0x7fcdda2618c0",1697477.0625,1039050.25,1770266,1367472,1616927590085520,1616927590689712,1616927593644590,1616927593723089,2954878
832,"void laplacian_kernel<double>(double*, double const*, int, int, int, double, double, double, double) [clone .kd]",2,0,2491,4124249,4124249,134217728,256,0,0,20,20,32,64,"0x0","0x7fcdda2618c0",1698777.9375,1039025.6875,1767948,1369839,1616927593745661,1616927594358909,1616927597307547,1616927597386266,2948638
833,"void laplacian_kernel<double>(double*, double const*, int, int, int, double, double, double, double) [clone .kd]",2,0,2494,4124249,4124249,134217728,256,0,0,20,20,32,64,"0x0","0x7fcdda2618c0",1698360.0625,1039022.4375,1767743,1370068,1616927597411823,1616927598037346,1616927600991424,1616927601071143,2954078
834,"void laplacian_kernel<double>(double*, double const*, int, int, int, double, double, double, double) [clone .kd]",2,0,2497,4124249,4124249,134217728,256,0,0,20,20,32,64,"0x0","0x7fcdda2618c0",1701323.75,1039040.625,1765861,1371888,1616927601095418,1616927601715983,1616927604666861,1616927604745510,2950878
835,"void laplacian_kernel<double>(double*, double const*, int, int, int, double, double, double, double) [clone .kd]",2,0,2500,4124249,4124249,134217728,256,0,0,20,20,32,64,"0x0","0x7fcdda2618c0",1701752.3125,1039023.875,1737950,1399810,1616927604768262,1616927605375359,1616927608326397,1616927608334108,2951038
836,"void laplacian_kernel<double>(double*, double const*, int, int, int, double, double, double, double) [clone .kd]",2,0,2503,4124249,4124249,134217728,256,0,0,20,20,32,64,"0x0","0x7fcdda2618c0",1700509.0625,1039011.4375,1756905,1380843,1616927608612427,1616927609028315,1616927611978872,1616927611980974,2950557
837,"void laplacian_kernel<double>(double*, double const*, int, int, int, double, double, double, double) [clone .kd]",2,0,2506,4124249,4124249,134217728,256,0,0,20,20,32,64,"0x0","0x7fcdda2618c0",1701973.4375,1039028,1762661,1375122,1616927612283859,1616927612700952,1616927615657429,1616927615735191,2956477
838,"void laplacian_kernel<double>(double*, double const*, int, int, int, double, double, double, double) [clone .kd]",2,0,2509,4124249,4124249,134217728,256,0,0,20,20,32,64,"0x0","0x7fcdda2618c0",1716375.875,1038992.25,1766206,1371612,1616927615758534,1616927617355788,1616927620291945,1616927620371481,2936157
839,"void laplacian_kernel<double>(double*, double const*, int, int, int, double, double, double, double) [clone .kd]",2,0,2512,4124249,4124249,134217728,256,0,0,20,20,32,64,"0x0","0x7fcdda2618c0",1702356.5,1039010.5,1765098,1372604,1616927620394985,1616927621017345,1616927623955582,1616927624038064,2938237
840,"void laplacian_kernel<double>(double*, double const*, int, int, int, double, double, double, double) [clone .kd]",2,0,2515,4124249,4124249,134217728,256,0,0,20,20,32,64,"0x0","0x7fcdda2618c0",1700960.8125,1039022.75,1767347,1370443,1616927624060736,1616927624683742,1616927627619899,1616927627698025,2936157
841,"void laplacian_kernel<double>(double*, double const*, int, int, int, double, double, double, double) [clone .kd]",2,0,2518,4124249,4124249,134217728,256,0,0,20,20,32,64,"0x0","0x7fcdda2618c0",1696893.4375,1039007.0625,1765750,1371985,1616927627721999,1616927628347219,1616927631291536,1616927631370388,2944317
842,"void laplacian_kernel<double>(double*, double const*, int, int, int, double, double, double, double) [clone .kd]",2,0,2521,4124249,4124249,134217728,256,0,0,20,20,32,64,"0x0","0x7fcdda2618c0",1700737.1875,1039021.8125,1768147,1369675,1616927631392540,1616927632035096,1616927634975253,1616927634978452,2940157
843,"void laplacian_kernel<double>(double*, double const*, int, int, int, double, double, double, double) [clone .kd]",2,0,2524,4124249,4124249,134217728,256,0,0,20,20,32,64,"0x0","0x7fcdda2618c0",1696146.4375,1039017.4375,1768975,1368786,1616927635344555,1616927635762133,1616927638711890,1616927638715707,2949757
844,"void laplacian_kernel<double>(double*, double const*, int, int, int, double, double, double, double) [clone .kd]",2,0,2527,4124249,4124249,134217728,256,0,0,20,20,32,64,"0x0","0x7fcdda2618c0",1693622.875,1039023.125,1767389,1370405,1616927639070879,1616927639487249,1616927642433967,1616927642437794,2946718
845,"void laplacian_kernel<double>(double*, double const*, int, int, int, double, double, double, double) [clone .kd]",2,0,2530,4124249,4124249,134217728,256,0,0,20,20,32,64,"0x0","0x7fcdda2618c0",1698170,1039012.9375,1769910,1367885,1616927642797564,1616927643219726,1616927646173484,1616927646176020,2953758
846,"void laplacian_kernel<double>(double*, double const*, int, int, int, double, double, double, double) [clone .kd]",2,0,2533,4124249,4124249,134217728,256,0,0,20,20,32,64,"0x0","0x7fcdda2618c0",1699281.625,1039030.375,1769016,1368724,1616927646478414,1616927646896843,1616927649844041,1616927649846621,2947198
847,"void laplacian_kernel<double>(double*, double const*, int, int, int, double, double, double, double) [clone .kd]",2,0,2536,4124249,4124249,134217728,256,0,0,20,20,32,64,"0x0","0x7fcdda2618c0",1702116.4375,1039013.625,1768370,1369465,1616927650145959,1616927650563720,1616927653506758,1616927653588695,2943038
848,"void laplacian_kernel<double>(double*, double const*, int, int, int, double, double, double, double) [clone .kd]",2,0,2539,4124249,4124249,134217728,256,0,0,20,20,32,64,"0x0","0x7fcdda2618c0",1696789.875,1039027.6875,1766120,1371622,1616927653611157,1616927654226557,1616927657173115,1616927657251490,2946558
849,"void laplacian_kernel<double>(double*, double const*, int, int, int, double, double, double, double) [clone .kd]",2,0,2542,4124249,4124249,134217728,256,0,0,20,20,32,64,"0x0","0x7fcdda2618c0",1701391.875,1039037.4375,1767242,1370538,1616927657276086,1616927657899874,1616927660849152,1616927660851840,2949278
850,"void laplacian_kernel<double>(double*, double const*, int, int, int, double, double, double, double) [clone .kd]",2,0,2545,4124249,4124249,134217728,256,0,0,20,20,32,64,"0x0","0x7fcdda2618c0",1702528.6875,1039024.3125,1768519,1369373,1616927661147942,1616927661569311,1616927664529468,1616927664532209,2960157
851,"void laplacian_kernel<double>(double*, double const*, int, int, int, double, double, double, double) [clone .kd]",2,0,2548,4124249,4124249,134217728,256,0,0,20,20,32,64,"0x0","0x7fcdda2618c0",1696743.0625,1039024.125,1764601,1373257,1616927664840313,1616927665259708,1616927668205305,1616927668208059,2945597
852,"void laplacian_kernel<double>(double*, double const*, int, int, int, double, double, double, double) [clone .kd]",2,0,2551,4124249,4124249,134217728,256,0,0,20,20,32,64,"0x0","0x7fcdda2618c0",1692177.1875,1039021.9375,1764644,1373173,1616927668499833,1616927668923874,1616927671871392,1616927671958679,2947518
853,"void laplacian_kernel<double>(double*, double const*, int, int, int, double, double, double, double) [clone .kd]",2,0,2554,4124249,4124249,134217728,256,0,0,20,20,32,64,"0x0","0x7fcdda2618c0",1699822.8125,1039004.5,1765443,1372330,1616927671984858,1616927672626590,1616927675576348,1616927675653334,2949758
854,"void laplacian_kernel<double>(double*, double const*, int, int, int, double, double, double, double) [clone .kd]",2,0,2557,4124249,4124249,134217728,256,0,0,20,20,32,64,"0x0","0x7fcdda2618c0",1699276.875,1039014.5625,1768480,1369315,1616927675676297,1616927676309947,1616927679251065,1616927679328022,2941118
855,"void laplacian_kernel<double>(double*, double const*, int, int, int, double, double, double, double) [clone .kd]",2,0,2560,4124249,4124249,134217728,256,0,0,20,20,32,64,"0x0","0x7fcdda2618c0",1701435.1875,1039041.125,1768838,1368893,1616927679356084,1616927679976704,1616927682920702,1616927683003021,2943998
856,"void laplacian_kernel<double>(double*, double const*, int, int, int, double, double, double, double) [clone .kd]",2,0,2563,4124249,4124249,134217728,256,0,0,20,20,32,64,"0x0","0x7fcdda2618c0",1701523.25,1039028.125,1764440,1373306,1616927683023229,1616927683661181,1616927686609179,1616927686689010,2947998
857,"void laplacian_kernel<double>(double*, double const*, int, int, int, double, double, double, double) [clone .kd]",2,0,2566,4124249,4124249,134217728,256,0,0,20,20,32,64,"0x0","0x7fcdda2618c0",1696814.9375,1039028.9375,1770028,1367788,1616927686708957,1616927687354778,1616927690301496,1616927690381251,2946718
858,"void laplacian_kernel<double>(double*, double const*, int, int, int, double, double, double, double) [clone .kd]",2,0,2569,4124249,4124249,134217728,256,0,0,20,20,32,64,"0x0","0x7fcdda2618c0",1703338.25,1039021.625,1767805,1369976,1616927690404935,1616927691023175,1616927693962213,1616927694042003,2939038
859,"void laplacian_kernel<double>(double*, double const*, int, int, int, double, double, double, double) [clone .kd]",2,0,2572,4124249,4124249,134217728,256,0,0,20,20,32,64,"0x0","0x7fcdda2618c0",1698656.125,1039014.75,1764646,1373187,1616927694065327,1616927694693453,1616927697644650,1616927697724015,2951197
860,"void laplacian_kernel<double>(double*, double const*, int, int, int, double, double, double, double) [clone .kd]",2,0,2575,4124249,4124249,134217728,256,0,0,20,20,32,64,"0x0","0x7fcdda2618c0",1694554.9375,1039021.375,1766971,1370865,1616927697753120,1616927698375090,1616927701319727,1616927701399024,2944637
861,"void laplacian_kernel<double>(double*, double const*, int, int, int, double, double, double, double) [clone .kd]",2,0,2578,4124249,4124249,134217728,256,0,0,20,20,32,64,"0x0","0x7fcdda2618c0",1698076.5625,1039016.625,1767115,1370661,1616927701421226,1616927702036607,1616927704984924,1616927705067100,2948317
862,"void laplacian_kernel<double>(double*, double const*, int, int, int, double, double, double, double) [clone .kd]",2,0,2581,4124249,4124249,134217728,256,0,0,20,20,32,64,"0x0","0x7fcdda2618c0",1707609.875,1039011.125,1765348,1372410,1616927705088980,1616927705715964,1616927708667962,1616927708745114,2951998
863,"void laplacian_kernel<double>(double*, double const*, int, int, int, double, double, double, double) [clone .kd]",2,0,2584,4124249,4124249,134217728,256,0,0,20,20,32,64,"0x0","0x7fcdda2618c0",1698180.75,1039023.1875,1768892,1368876,1616927708771754,1616927709392361,1616927712340999,1616927712420744,2948638
864,"void laplacian_kernel<double>(double*, double const*, int, int, int, double, double, double, double) [clone .kd]",2,0,2587,4124249,4124249,134217728,256,0,0,20,20,32,64,"0x0","0x7fcdda2618c0",1694665.9375,1039008.5,1768214,1369536,1616927712444779,1616927713070718,1616927716002076,1616927716081336,2931358
865,"void laplacian_kernel<double>(double*, double const*, int, int, int, double, double, double, double) [clone .kd]",2,0,2590,4124249,4124249,134217728,256,0,0,20,20,32,64,"0x0","0x7fcdda2618c0",1701948.125,1039031.3125,1769088,1368700,1616927716109689,1616927716726155,1616927719682953,1616927719760723,2956798
866,"void laplacian_kernel<double>(double*, double const*, int, int, int, double, double, double, double) [clone .kd]",2,0,2593,4124249,4124249,134217728,256,0,0,20,20,32,64,"0x0","0x7fcdda2618c0",1697272.8125,1039020.375,1769481,1368266,1616927719783676,1616927720402312,1616927723354950,1616927723434660,2952638
867,"void laplacian_kernel<double>(double*, double const*, int, int, int, double, double, double, double) [clone .kd]",2,0,2596,4124249,4124249,134217728,256,0,0,20,20,32,64,"0x0","0x7fcdda2618c0",1697718.1875,1039007.8125,1768082,1369724,1616927723454426,1616927724083389,1616927727027067,1616927727105931,2943678
868,"void laplacian_kernel<double>(double*, double const*, int, int, int, double, double, double, double) [clone .kd]",2,0,2599,4124249,4124249,134217728,256,0,0,20,20,32,64,"0x0","0x7fcdda2618c0",1698366.4375,1039025,1767863,1369937,1616927727127902,1616927727746306,1616927730699584,1616927730780379,2953278
869,"void laplacian_kernel<double>(double*, double const*, int, int, int, double, double, double, double) [clone .kd]",2,0,2602,4124249,4124249,134217728,256,0,0,20,20,32,64,"0x0","0x7fcdda2618c0",1701567.5625,1039037,1768221,1369537,1616927730801799,1616927731430504,1616927734380421,1616927734460117,2949917
870,"void laplacian_kernel<double>(double*, double const*, int, int, int, double, double, double, double) [clone .kd]",2,0,2605,4124249,4124249,134217728,256,0,0,20,20,32,64,"0x0","0x7fcdda2618c0",1702672.875,1039024.5625,1768973,1368840,1616927734493809,1616927735113329,1616927738062287,1616927738141577,2948958
871,"void laplacian_kernel<double>(double*, double const*, int, int, int, double, double, double, double) [clone .kd]",2,0,2608,4124249,4124249,134217728,256,0,0,20,20,32,64,"0x0","0x7fcdda2618c0",1700251.3125,1039015.6875,1764925,1372825,1616927738162887,1616927738777926,1616927741731364,1616927741810525,2953438
872,"void laplacian_kernel<double>(double*, double const*, int, int, int, double, double, double, double) [clone .kd]",2,0,2611,4124249,4124249,134217728,256,0,0,20,20,32,64,"0x0","0x7fcdda2618c0",1702794.8125,1039016.4375,1770387,1367345,1616927741831935,1616927742456284,1616927745398202,1616927745477429,2941918
873,"void laplacian_kernel<double>(double*, double const*, int, int, int, double, double, double, double) [clone .kd]",2,0,2614,4124249,4124249,134217728,256,0,0,20,20,32,64,"0x0","0x7fcdda2618c0",1697390.75,1039034.1875,1767218,1370508,1616927745501153,1616927746102761,1616927749046439,1616927749125377,2943678
874,"void laplacian_kernel<double>(double*, double const*, int, int, int, double, double, double, double) [clone .kd]",2,0,2617,4124249,4124249,134217728,256,0,0,20,20,32,64,"0x0","0x7fcdda2618c0",1695098.625,1039010.3125,1767295,1370542,1616927749147809,1616927749764998,1616927752711556,1616927752789125,2946558
875,"void laplacian_kernel<double>(double*, double const*, int, int, int, double, double, double, double) [clone .kd]",2,0,2620,4124249,4124249,134217728,256,0,0,20,20,32,64,"0x0","0x7fcdda2618c0",1697130.5625,1039017.6875,1766818,1370959,1616927752818369,1616927753431836,1616927756382394,1616927756461699,2950558
876,"void laplacian_kernel<double>(double*, double const*, int, int, int, double, double, double, double) [clone .kd]",2,0,2623,4124249,4124249,134217728,256,0,0,20,20,32,64,"0x0","0x7fcdda2618c0",1697669.8125,1039021.875,1767438,1370354,1616927756483559,1616927757149193,1616927760091591,1616927760170390,2942398
877,"void laplacian_kernel<double>(double*, double const*, int, int, int, double, double, double, double) [clone .kd]",2,0,2626,4124249,4124249,134217728,256,0,0,20,20,32,64,"0x0","0x7fcdda2618c0",1700464.875,1039031,1764514,1373298,1616927760191780,1616927760824590,1616927763759308,1616927763836813,2934718
878,"void laplacian_kernel<double>(double*, double const*, int, int, int, double, double, double, double) [clone .kd]",2,0,2629,4124249,4124249,134217728,256,0,0,20,20,32,64,"0x0","0x7fcdda2618c0",1691231.4375,1039018.75,1770678,1367124,1616927763862681,1616927764488228,1616927767431266,1616927767509598,2943038
879,"void laplacian_kernel<double>(double*, double const*, int, int, int, double, double, double, double) [clone .kd]",2,0,2632,4124249,4124249,134217728,256,0,0,20,20,32,64,"0x0","0x7fcdda2618c0",1699673.4375,1039018.125,1767542,1370295,1616927767533062,1616927768148025,1616927771096663,1616927771177774,2948638
880,"void laplacian_kernel<double>(double*, double const*, int, int, int, double, double, double, double) [clone .kd]",2,0,2635,4124249,4124249,134217728,256,0,0,20,20,32,64,"0x0","0x7fcdda2618c0",1697941.4375,1039028.4375,1767300,1370541,1616927771206998,1616927771821982,1616927774776860,1616927774856409,2954878
881,"void laplacian_kernel<double>(double*, double const*, int, int, int, double, double, double, double) [clone .kd]",2,0,2638,4124249,4124249,134217728,256,0,0,20,20,32,64,"0x0","0x7fcdda2618c0",1698286.6875,1039038.625,1765244,1372490,1616927774877058,1616927775507300,1616927778459458,1616927778540014,2952158
882,"void laplacian_kernel<double>(double*, double const*, int, int, int, double, double, double, double) [clone .kd]",2,0,2641,4124249,4124249,134217728,256,0,0,20,20,32,64,"0x0","0x7fcdda2618c0",1697400.25,1039021.875,1770092,1367704,1616927778562847,1616927779190857,1616927782136295,1616927782215253,2945438
883,"void laplacian_kernel<double>(double*, double const*, int, int, int, double, double, double, double) [clone .kd]",2,0,2644,4124249,4124249,134217728,256,0,0,20,20,32,64,"0x0","0x7fcdda2618c0",1701570.75,1039011.875,1767970,1369838,1616927782238797,1616927782866014,1616927785808732,1616927785888428,2942718
884,"void laplacian_kernel<double>(double*, double const*, int, int, int, double, double, double, double) [clone .kd]",2,0,2647,4124249,4124249,134217728,256,0,0,20,20,32,64,"0x0","0x7fcdda2618c0",1696571.9375,1039025.9375,1770830,1366994,1616927785911311,1616927786529452,1616927789478410,1616927789558077,2948958
885,"void laplacian_kernel<double>(double*, double const*, int, int, int, double, double, double, double) [clone .kd]",2,0,2650,4124249,4124249,134217728,256,0,0,20,20,32,64,"0x0","0x7fcdda2618c0",1696034.5,1039020.9375,1767035,1370749,1616927789577283,1616927790208569,1616927793156087,1616927793235260,2947518
886,"void laplacian_kernel<double>(double*, double const*, int, int, int, double, double, double, double) [clone .kd]",2,0,2653,4124249,4124249,134217728,256,0,0,20,20,32,64,"0x0","0x7fcdda2618c0",1702228.625,1039015.875,1768704,1369037,1616927793257532,1616927793873087,1616927796819004,1616927796897796,2945917
887,"void laplacian_kernel<double>(double*, double const*, int, int, int, double, double, double, double) [clone .kd]",2,0,2656,4124249,4124249,134217728,256,0,0,20,20,32,64,"0x0","0x7fcdda2618c0",1697267.875,1039023.375,1766013,1371784,1616927796919707,1616927797540757,1616927800487955,1616927800576812,2947198
888,"void laplacian_kernel<double>(double*, double const*, int, int, int, double, double, double, double) [clone .kd]",2,0,2659,4124249,4124249,134217728,256,0,0,20,20,32,64,"0x0","0x7fcdda2618c0",1697840.25,1039014.3125,1769178,1368567,1616927800602690,1616927801223833,1616927804176791,1616927804253734,2952958
889,"void laplacian_kernel<double>(double*, double const*, int, int, int, double, double, double, double) [clone .kd]",2,0,2662,4124249,4124249,134217728,256,0,0,20,20,32,64,"0x0","0x7fcdda2618c0",1703051.6875,1039018.625,1764634,1373162,1616927804277418,1616927804897910,1616927807839028,1616927807916751,2941118
890,"void laplacian_kernel<double>(double*, double const*, int, int, int, double, double, double, double) [clone .kd]",2,0,2665,4124249,4124249,134217728,256,0,0,20,20,32,64,"0x0","0x7fcdda2618c0",1702604.375,1039030.4375,1766512,1371305,1616927807940765,1616927808569307,1616927811522905,1616927811601517,2953598
891,"void laplacian_kernel<double>(double*, double const*, int, int, int, double, double, double, double) [clone .kd]",2,0,2668,4124249,4124249,134217728,256,0,0,20,20,32,64,"0x0","0x7fcdda2618c0",1702536.1875,1039003.0625,1770138,1367718,1616927811623067,1616927812248105,1616927815198502,1616927815277739,2950397
892,"void laplacian_kernel<double>(double*, double const*, int, int, int, double, double, double, double) [clone .kd]",2,0,2671,4124249,4124249,134217728,256,0,0,20,20,32,64,"0x0","0x7fcdda2618c0",1696372.0625,1039032.8125,1764918,1372810,1616927815300822,1616927815910462,1616927818854780,1616927818934533,2944318
893,"void laplacian_kernel<double>(double*, double const*, int, int, int, double, double, double, double) [clone .kd]",2,0,2674,4124249,4124249,134217728,256,0,0,20,20,32,64,"0x0","0x7fcdda2618c0",1698316.5,1039036.625,1771169,1366595,1616927818958257,1616927819590659,1616927822537697,1616927822618599,2947038
894,"void laplacian_kernel<double>(double*, double const*, int, int, int, double, double, double, double) [clone .kd]",2,0,2677,4124249,4124249,134217728,256,0,0,20,20,32,64,"0x0","0x7fcdda2618c0",1696604.75,1039031.3125,1771774,1365980,1616927822640981,1616927823275936,1616927826222014,1616927826223868,2946078
895,"void laplacian_kernel<double>(double*, double const*, int, int, int, double, double, double, double) [clone .kd]",2,0,2680,4124249,4124249,134217728,256,0,0,20,20,32,64,"0x0","0x7fcdda2618c0",1699181.5,1039000.75,1767671,1370091,1616927826513457,1616927826922653,1616927829866011,1616927829946295,2943358
896,"void laplacian_kernel<double>(double*, double const*, int, int, int, double, double, double, double) [clone .kd]",2,0,2683,4124249,4124249,134217728,256,0,0,20,20,32,64,"0x0","0x7fcdda2618c0",1696695.6875,1039009.8125,1768653,1369108,1616927829966001,1616927830577571,1616927833529888,1616927833608870,2952317
897,"void laplacian_kernel<double>(double*, double const*, int, int, int, double, double, double, double) [clone .kd]",2,0,2686,4124249,4124249,134217728,256,0,0,20,20,32,64,"0x0","0x7fcdda2618c0",1696259.875,1039043.5625,1767067,1370753,1616927833632925,1616927834255448,1616927837197366,1616927837278329,2941918
898,"void laplacian_kernel<double>(double*, double const*, int, int, int, double, double, double, double) [clone .kd]",2,0,2689,4124249,4124249,134217728,256,0,0,20,20,32,64,"0x0","0x7fcdda2618c0",1705376.8125,1039011.1875,1768675,1369070,1616927840177942,1616927840655323,1616927843586841,1616927843665542,2931518
899,"void laplacian_kernel<double>(double*, double const*, int, int, int, double, double, double, double) [clone .kd]",2,0,2692,4124249,4124249,134217728,256,0,0,20,20,32,64,"0x0","0x7fcdda2618c0",1700020.0625,1038985.75,1766294,1371466,1616927843688104,1616927844314000,1616927847251278,1616927847330161,2937278
900,"void laplacian_kernel<double>(double*, double const*, int, int, int, double, double, double, double) [clone .kd]",2,0,2695,4124249,4124249,134217728,256,0,0,20,20,32,64,"0x0","0x7fcdda2618c0",1696495.375,1039033.8125,1768541,1369233,1616927847350209,1616927847960118,1616927850898675,1616927850979022,2938557
901,"void laplacian_kernel<double>(double*, double const*, int, int, int, double, double, double, double) [clone .kd]",2,0,2698,4124249,4124249,134217728,256,0,0,20,20,32,64,"0x0","0x7fcdda2618c0",1708895.9375,1039023.1875,1765843,1371965,1616927850998889,1616927851619115,1616927854567752,1616927854646406,2948637
902,"void laplacian_kernel<double>(double*, double const*, int, int, int, double, double, double, double) [clone .kd]",2,0,2701,4124249,4124249,134217728,256,0,0,20,20,32,64,"0x0","0x7fcdda2618c0",1698799.4375,1039022,1769831,1367929,1616927854670902,1616927855308792,1616927858251350,1616927858333697,2942558
903,"void laplacian_kernel<double>(double*, double const*, int, int, int, double, double, double, double) [clone .kd]",2,0,2704,4124249,4124249,134217728,256,0,0,20,20,32,64,"0x0","0x7fcdda2618c0",1699365.6875,1039037.5,1767199,1370598,1616927858356891,1616927858964469,1616927861911187,1616927861912918,2946718
904,"void laplacian_kernel<double>(double*, double const*, int, int, int, double, double, double, double) [clone .kd]",2,0,2707,4124249,4124249,134217728,256,0,0,20,20,32,64,"0x0","0x7fcdda2618c0",1692525.5625,1039030.0625,1768395,1369407,1616927862214820,1616927862646047,1616927865599005,1616927865687462,2952958
905,"void laplacian_kernel<double>(double*, double const*, int, int, int, double, double, double, double) [clone .kd]",2,0,2710,4124249,4124249,134217728,256,0,0,20,20,32,64,"0x0","0x7fcdda2618c0",1703058.8125,1039001.3125,1767176,1370650,1616927865717548,1616927866327523,1616927869280481,1616927869283053,2952958
906,"void laplacian_kernel<double>(double*, double const*, int, int, int, double, double, double, double) [clone .kd]",2,0,2713,4124249,4124249,134217728,256,0,0,20,20,32,64,"0x0","0x7fcdda2618c0",1699656.0625,1038985.5,1765415,1372365,1616927869574195,1616927869982880,1616927872937598,1616927873016681,2954718
907,"void laplacian_kernel<double>(double*, double const*, int, int, int, double, double, double, double) [clone .kd]",2,0,2716,4124249,4124249,134217728,256,0,0,20,20,32,64,"0x0","0x7fcdda2618c0",1701337.75,1039011.4375,1765040,1372758,1616927873039864,1616927873657397,1616927876613075,1616927876692581,2955678
908,"void laplacian_kernel<double>(double*, double const*, int, int, int, double, double, double, double) [clone .kd]",2,0,2719,4124249,4124249,134217728,256,0,0,20,20,32,64,"0x0","0x7fcdda2618c0",1697308.4375,1039037.6875,1769186,1368573,1616927876715073,1616927877324514,1616927880269152,1616927880348775,2944638
909,"void laplacian_kernel<double>(double*, double const*, int, int, int, double, double, double, double) [clone .kd]",2,0,2722,4124249,4124249,134217728,256,0,0,20,20,32,64,"0x0","0x7fcdda2618c0",1697896.5,1038996.6875,1767690,1370077,1616927880375024,1616927880988511,1616927883948829,1616927884030496,2960318
910,"void laplacian_kernel<double>(double*, double const*, int, int, int, double, double, double, double) [clone .kd]",2,0,2725,4124249,4124249,134217728,256,0,0,20,20,32,64,"0x0","0x7fcdda2618c0",1698195.9375,1039023.9375,1767982,1369802,1616927884050794,1616927884691948,1616927887635946,1616927887711205,2943998
911,"void laplacian_kernel<double>(double*, double const*, int, int, int, double, double, double, double) [clone .kd]",2,0,2728,4124249,4124249,134217728,256,0,0,20,20,32,64,"0x0","0x7fcdda2618c0",1699222.125,1039021.8125,1772123,1365639,1616927887735681,1616927888354185,1616927891299783,1616927891379211,2945598
912,"void laplacian_kernel<double>(double*, double const*, int, int, int, double, double, double, double) [clone .kd]",2,0,2731,4124249,4124249,134217728,256,0,0,20,20,32,64,"0x0","0x7fcdda2618c0",1697327.1875,1039023.0625,1764874,1372900,1616927891408616,1616927892041982,1616927894980220,1616927894982005,2938238
913,"void laplacian_kernel<double>(double*, double const*, int, int, int, double, double, double, double) [clone .kd]",2,0,2734,4124249,4124249,134217728,256,0,0,20,20,32,64,"0x0","0x7fcdda2618c0",1696184.375,1039034.25,1765296,1372494,1616927895278778,1616927895691579,1616927898645177,1616927898725883,2953598
914,"void laplacian_kernel<double>(double*, double const*, int, int, int, double, double, double, double) [clone .kd]",2,0,2737,4124249,4124249,134217728,256,0,0,20,20,32,64,"0x0","0x7fcdda2618c0",1697577.1875,1039002.25,1769555,1368172,1616927898747323,1616927899368056,1616927902312694,1616927902394810,2944638
915,"void laplacian_kernel<double>(double*, double const*, int, int, int, double, double, double, double) [clone .kd]",2,0,2740,4124249,4124249,134217728,256,0,0,20,20,32,64,"0x0","0x7fcdda2618c0",1697844.75,1039025.5625,1769349,1368410,1616927902415108,1616927903027693,1616927905992011,1616927906070299,2964318
916,"void laplacian_kernel<double>(double*, double const*, int, int, int, double, double, double, double) [clone .kd]",2,0,2743,4124249,4124249,134217728,256,0,0,20,20,32,64,"0x0","0x7fcdda2618c0",1700376.1875,1039023.625,1768247,1369547,1616927906089986,1616927906714290,1616927909659888,1616927909738696,2945598
917,"void laplacian_kernel<double>(double*, double const*, int, int, int, double, double, double, double) [clone .kd]",2,0,2746,4124249,4124249,134217728,256,0,0,20,20,32,64,"0x0","0x7fcdda2618c0",1705004.4375,1039038.25,1769089,1368641,1616927909761398,1616927910374647,1616927913329845,1616927913409116,2955198
918,"void laplacian_kernel<double>(double*, double const*, int, int, int, double, double, double, double) [clone .kd]",2,0,2749,4124249,4124249,134217728,256,0,0,20,20,32,64,"0x0","0x7fcdda2618c0",1698763.5,1039018.9375,1767734,1370078,1616927913431658,1616927914042924,1616927916995882,1616927917076080,2952958
919,"void laplacian_kernel<double>(double*, double const*, int, int, int, double, double, double, double) [clone .kd]",2,0,2752,4124249,4124249,134217728,256,0,0,20,20,32,64,"0x0","0x7fcdda2618c0",1697939.125,1039028.0625,1768312,1369420,1616927917105875,1616927917751841,1616927920696639,1616927920698461,2944798
920,"void laplacian_kernel<double>(double*, double const*, int, int, int, double, double, double, double) [clone .kd]",2,0,2755,4124249,4124249,134217728,256,0,0,20,20,32,64,"0x0","0x7fcdda2618c0",1699101.0625,1039035.25,1768835,1368972,1616927920993681,1616927921416318,1616927924369436,1616927924371626,2953118
921,"void laplacian_kernel<double>(double*, double const*, int, int, int, double, double, double, double) [clone .kd]",2,0,2758,4124249,4124249,134217728,256,0,0,20,20,32,64,"0x0","0x7fcdda2618c0",1695745.6875,1039044.25,1768581,1369161,1616927924664552,1616927925066395,1616927928011513,1616927928090666,2945118
922,"void laplacian_kernel<double>(double*, double const*, int, int, int, double, double, double, double) [clone .kd]",2,0,2761,4124249,4124249,134217728,256,0,0,20,20,32,64,"0x0","0x7fcdda2618c0",1695093,1039026.9375,1767270,1370541,1616927928114321,1616927928729980,1616927931673498,1616927931681529,2943518
923,"void laplacian_kernel<double>(double*, double const*, int, int, int, double, double, double, double) [clone .kd]",2,0,2764,4124249,4124249,134217728,256,0,0,20,20,32,64,"0x0","0x7fcdda2618c0",1698406.0625,1039026.375,1765999,1371896,1616927931964686,1616927932410136,1616927935359254,1616927935361717,2949118
924,"void laplacian_kernel<double>(double*, double const*, int, int, int, double, double, double, double) [clone .kd]",2,0,2767,4124249,4124249,134217728,256,0,0,20,20,32,64,"0x0","0x7fcdda2618c0",1701481.3125,1038980.5,1768236,1369557,1616927935654913,1616927936074773,1616927939033491,1616927939112387,2958718
925,"void laplacian_kernel<double>(double*, double const*, int, int, int, double, double, double, double) [clone .kd]",2,0,2770,4124249,4124249,134217728,256,0,0,20,20,32,64,"0x0","0x7fcdda2618c0",1701261,1039034.125,1770001,1367760,1616927939132855,1616927939749490,1616927942699568,1616927942780152,2950078
926,"void laplacian_kernel<double>(double*, double const*, int, int, int, double, double, double, double) [clone .kd]",2,0,2773,4124249,4124249,134217728,256,0,0,20,20,32,64,"0x0","0x7fcdda2618c0",1703238,1039016.625,1772618,1365208,1616927942799699,1616927943435047,1616927946382885,1616927946462004,2947838
927,"void laplacian_kernel<double>(double*, double const*, int, int, int, double, double, double, double) [clone .kd]",2,0,2776,4124249,4124249,134217728,256,0,0,20,20,32,64,"0x0","0x7fcdda2618c0",1700044.25,1039025.875,1769279,1368508,1616927946484726,1616927947114684,1616927950064122,1616927950143885,2949438
928,"void laplacian_kernel<double>(double*, double const*, int, int, int, double, double, double, double) [clone .kd]",2,0,2779,4124249,4124249,134217728,256,0,0,20,20,32,64,"0x0","0x7fcdda2618c0",1700007.3125,1039013,1767273,1370562,1616927950167319,1616927950791961,1616927953742199,1616927953822230,2950238
929,"void laplacian_kernel<double>(double*, double const*, int, int, int, double, double, double, double) [clone .kd]",2,0,2782,4124249,4124249,134217728,256,0,0,20,20,32,64,"0x0","0x7fcdda2618c0",1696908.625,1039029.5,1769001,1368769,1616927953850152,1616927954463758,1616927957411276,1616927957491648,2947518
930,"void laplacian_kernel<double>(double*, double const*, int, int, int, double, double, double, double) [clone .kd]",2,0,2785,4124249,4124249,134217728,256,0,0,20,20,32,64,"0x0","0x7fcdda2618c0",1698708.125,1039035.75,1768915,1368854,1616927957512467,1616927958129475,1616927961075393,1616927961154094,2945918
931,"void laplacian_kernel<double>(double*, double const*, int, int, int, double, double, double, double) [clone .kd]",2,0,2788,4124249,4124249,134217728,256,0,0,20,20,32,64,"0x0","0x7fcdda2618c0",1697599.5625,1039035.5625,1768931,1368878,1616927961174442,1616927961807592,1616927964756550,1616927964838590,2948958
932,"void laplacian_kernel<double>(double*, double const*, int, int, int, double, double, double, double) [clone .kd]",2,0,2791,4124249,4124249,134217728,256,0,0,20,20,32,64,"0x0","0x7fcdda2618c0",1700475.5625,1038997.8125,1767371,1370387,1616927964863707,1616927965496869,1616927968440867,1616927968520492,2943998
933,"void laplacian_kernel<double>(double*, double const*, int, int, int, double, double, double, double) [clone .kd]",2,0,2794,4124249,4124249,134217728,256,0,0,20,20,32,64,"0x0","0x7fcdda2618c0",1700268.875,1039013.6875,1766748,1371054,1616927968543455,1616927969173866,1616927972116264,1616927972118267,2942398
934,"void laplacian_kernel<double>(double*, double const*, int, int, int, double, double, double, double) [clone .kd]",2,0,2797,4124249,4124249,134217728,256,0,0,20,20,32,64,"0x0","0x7fcdda2618c0",1699665.625,1039024.3125,1768834,1368932,1616927972414268,1616927972837543,1616927975789701,1616927975791512,2952158
935,"void laplacian_kernel<double>(double*, double const*, int, int, int, double, double, double, double) [clone .kd]",2,0,2800,4124249,4124249,134217728,256,0,0,20,20,32,64,"0x0","0x7fcdda2618c0",1699645.625,1039007.25,1768758,1368957,1616927976094407,1616927976512420,1616927979466818,1616927979545999,2954398
936,"void laplacian_kernel<double>(double*, double const*, int, int, int, double, double, double, double) [clone .kd]",2,0,2803,4124249,4124249,134217728,256,0,0,20,20,32,64,"0x0","0x7fcdda2618c0",1698578.3125,1039004.625,1768199,1369634,1616927979566066,1616927980211057,1616927983158575,1616927983241456,2947518
937,"void laplacian_kernel<double>(double*, double const*, int, int, int, double, double, double, double) [clone .kd]",2,0,2806,4124249,4124249,134217728,256,0,0,20,20,32,64,"0x0","0x7fcdda2618c0",1697108.9375,1039028,1766175,1371585,1616927983264869,1616927983879974,1616927986824612,1616927986907678,2944638
938,"void laplacian_kernel<double>(double*, double const*, int, int, int, double, double, double, double) [clone .kd]",2,0,2809,4124249,4124249,134217728,256,0,0,20,20,32,64,"0x0","0x7fcdda2618c0",1698422.9375,1039018.6875,1769740,1368046,1616927986929709,1616927987544411,1616927990495929,1616927990578589,2951518
939,"void laplacian_kernel<double>(double*, double const*, int, int, int, double, double, double, double) [clone .kd]",2,0,2812,4124249,4124249,134217728,256,0,0,20,20,32,64,"0x0","0x7fcdda2618c0",1700103.25,1039039.3125,1767215,1370600,1616927990607122,1616927991215368,1616927994167846,1616927994251424,2952478
940,"void laplacian_kernel<double>(double*, double const*, int, int, int, double, double, double, double) [clone .kd]",2,0,2815,4124249,4124249,134217728,256,0,0,20,20,32,64,"0x0","0x7fcdda2618c0",1700195.4375,1039033.1875,1764852,1372878,1616927994272844,1616927994901321,1616927997844998,1616927997928908,2943677
941,"void laplacian_kernel<double>(double*, double const*, int, int, int, double, double, double, double) [clone .kd]",2,0,2818,4124249,4124249,134217728,256,0,0,20,20,32,64,"0x0","0x7fcdda2618c0",1696847.4375,1039014.5625,1766973,1370778,1616927997949877,1616927998575758,1616928001520075,1616928001603165,2944317
942,"void laplacian_kernel<double>(double*, double const*, int, int, int, double, double, double, double) [clone .kd]",2,0,2821,4124249,4124249,134217728,256,0,0,20,20,32,64,"0x0","0x7fcdda2618c0",1702317.6875,1039022.5625,1768797,1368990,1616928001626939,1616928002237795,1616928005195872,1616928005278975,2958077
943,"void laplacian_kernel<double>(double*, double const*, int, int, int, double, double, double, double) [clone .kd]",2,0,2824,4124249,4124249,134217728,256,0,0,20,20,32,64,"0x0","0x7fcdda2618c0",1701346.125,1039021.8125,1770759,1367009,1616928005302238,1616928005913432,1616928008865109,1616928008948974,2951677
944,"void laplacian_kernel<double>(double*, double const*, int, int, int, double, double, double, double) [clone .kd]",2,0,2827,4124249,4124249,134217728,256,0,0,20,20,32,64,"0x0","0x7fcdda2618c0",1693469.3125,1039018.8125,1768285,1369588,1616928008976646,1616928009605788,1616928012551546,1616928012634583,2945758
945,"void laplacian_kernel<double>(double*, double const*, int, int, int, double, double, double, double) [clone .kd]",2,0,2830,4124249,4124249,134217728,256,0,0,20,20,32,64,"0x0","0x7fcdda2618c0",1696161.1875,1039025.625,1767474,1370288,1616928012656253,1616928013289065,1616928016232103,1616928016315874,2943038
946,"void laplacian_kernel<double>(double*, double const*, int, int, int, double, double, double, double) [clone .kd]",2,0,2833,4124249,4124249,134217728,256,0,0,20,20,32,64,"0x0","0x7fcdda2618c0",1698466.8125,1039043.8125,1767104,1370701,1616928016339728,1616928016949542,1616928019890020,1616928019971546,2940478
947,"void laplacian_kernel<double>(double*, double const*, int, int, int, double, double, double, double) [clone .kd]",2,0,2836,4124249,4124249,134217728,256,0,0,20,20,32,64,"0x0","0x7fcdda2618c0",1693345,1039013.5625,1767732,1370116,1616928019993697,1616928020620979,1616928023565616,1616928023648298,2944637
948,"void laplacian_kernel<double>(double*, double const*, int, int, int, double, double, double, double) [clone .kd]",2,0,2839,4124249,4124249,134217728,256,0,0,20,20,32,64,"0x0","0x7fcdda2618c0",1703421.9375,1039019,1766818,1370944,1616928023674728,1616928024290016,1616928027238333,1616928027322415,2948317
949,"void laplacian_kernel<double>(double*, double const*, int, int, int, double, double, double, double) [clone .kd]",2,0,2842,4124249,4124249,134217728,256,0,0,20,20,32,64,"0x0","0x7fcdda2618c0",1700798.6875,1039022.625,1764571,1373189,1616928027342883,1616928027970013,1616928030918010,1616928031000139,2947997
950,"void laplacian_kernel<double>(double*, double const*, int, int, int, double, double, double, double) [clone .kd]",2,0,2845,4124249,4124249,134217728,256,0,0,20,20,32,64,"0x0","0x7fcdda2618c0",1689567.75,1039026.0625,1769785,1368015,1616928031020958,1616928031634529,1616928034582847,1616928034665991,2948318
951,"void laplacian_kernel<double>(double*, double const*, int, int, int, double, double, double, double) [clone .kd]",2,0,2848,4124249,4124249,134217728,256,0,0,20,20,32,64,"0x0","0x7fcdda2618c0",1703270.625,1039015.75,1769027,1368750,1616928034688422,1616928035291366,1616928038239684,1616928038322665,2948318
952,"void laplacian_kernel<double>(double*, double const*, int, int, int, double, double, double, double) [clone .kd]",2,0,2851,4124249,4124249,134217728,256,0,0,20,20,32,64,"0x0","0x7fcdda2618c0",1700850.75,1039030.5625,1767252,1370544,1616928038345488,1616928038990083,1616928041927361,1616928042010217,2937278
953,"void laplacian_kernel<double>(double*, double const*, int, int, int, double, double, double, double) [clone .kd]",2,0,2854,4124249,4124249,134217728,256,0,0,20,20,32,64,"0x0","0x7fcdda2618c0",1698357.3125,1039010,1764585,1373220,1616928042033431,1616928042642280,1616928045599718,1616928045682942,2957438
954,"void laplacian_kernel<double>(double*, double const*, int, int, int, double, double, double, double) [clone .kd]",2,0,2857,4124249,4124249,134217728,256,0,0,20,20,32,64,"0x0","0x7fcdda2618c0",1696547.25,1039016,1768188,1369616,1616928045703731,1616928046317237,1616928049262194,1616928049345327,2944957
955,"void laplacian_kernel<double>(double*, double const*, int, int, int, double, double, double, double) [clone .kd]",2,0,2860,4124249,4124249,134217728,256,0,0,20,20,32,64,"0x0","0x7fcdda2618c0",1695131.1875,1039021.75,1770131,1367692,1616928049366947,1616928049987954,1616928052929711,1616928053012511,2941757
956,"void laplacian_kernel<double>(double*, double const*, int, int, int, double, double, double, double) [clone .kd]",2,0,2863,4124249,4124249,134217728,256,0,0,20,20,32,64,"0x0","0x7fcdda2618c0",1698321,1039007.875,1766066,1371666,1616928053036225,1616928053634431,1616928056579228,1616928056663014,2944797
957,"void laplacian_kernel<double>(double*, double const*, int, int, int, double, double, double, double) [clone .kd]",2,0,2866,4124249,4124249,134217728,256,0,0,20,20,32,64,"0x0","0x7fcdda2618c0",1703963.5,1039039.0625,1766579,1371231,1616928056687069,1616928057303641,1616928060250199,1616928060346659,2946558
958,"void laplacian_kernel<double>(double*, double const*, int, int, int, double, double, double, double) [clone .kd]",2,0,2869,4124249,4124249,134217728,256,0,0,20,20,32,64,"0x0","0x7fcdda2618c0",1698093.4375,1039043.875,1767339,1370450,1616928060369161,1616928060985757,1616928063936155,1616928064069577,2950398
959,"void laplacian_kernel<double>(double*, double const*, int, int, int, double, double, double, double) [clone .kd]",2,0,2872,4124249,4124249,134217728,256,0,0,20,20,32,64,"0x0","0x7fcdda2618c0",1697744.5,1039042.1875,1765836,1371985,1616928064097600,1616928064773635,1616928067711873,1616928067714690,2938238
960,"void laplacian_kernel<double>(double*, double const*, int, int, int, double, double, double, double) [clone .kd]",2,0,2875,4124249,4124249,134217728,256,0,0,20,20,32,64,"0x0","0x7fcdda2618c0",1702375.3125,1039037.0625,1740764,1397015,1616928068087876,1616928068504512,1616928071459070,1616928071462114,2954558
961,"void laplacian_kernel<double>(double*, double const*, int, int, int, double, double, double, double) [clone .kd]",2,0,2878,4124249,4124249,134217728,256,0,0,20,20,32,64,"0x0","0x7fcdda2618c0",1702778.8125,1039009.0625,1750244,1387501,1616928071835520,1616928072255389,1616928075207387,1616928075210479,2951998
962,"void laplacian_kernel<double>(double*, double const*, int, int, int, double, double, double, double) [clone .kd]",2,0,2881,4124249,4124249,134217728,256,0,0,20,20,32,64,"0x0","0x7fcdda2618c0",1697813.9375,1039034.4375,1759969,1377812,1616928075572694,1616928075991867,1616928078924185,1616928078926104,2932318
963,"void laplacian_kernel<double>(double*, double const*, int, int, int, double, double, double, double) [clone .kd]",2,0,2884,4124249,4124249,134217728,256,0,0,20,20,32,64,"0x0","0x7fcdda2618c0",1692406.5625,1039033.75,1758290,1379543,1616928079238576,1616928079649784,1616928082594262,1616928082596053,2944478
964,"void laplacian_kernel<double>(double*, double const*, int, int, int, double, double, double, double) [clone .kd]",2,0,2887,4124249,4124249,134217728,256,0,0,20,20,32,64,"0x0","0x7fcdda2618c0",1699521.25,1039005.1875,1768153,1369607,1616928082887396,1616928083295062,1616928086243860,1616928086245584,2948798
965,"void laplacian_kernel<double>(double*, double const*, int, int, int, double, double, double, double) [clone .kd]",2,0,2890,4124249,4124249,134217728,256,0,0,20,20,32,64,"0x0","0x7fcdda2618c0",1697432.125,1038996.75,1768327,1369476,1616928086539853,1616928086950420,1616928089895058,1616928089975666,2944638
966,"void laplacian_kernel<double>(double*, double const*, int, int, int, double, double, double, double) [clone .kd]",2,0,2893,4124249,4124249,134217728,256,0,0,20,20,32,64,"0x0","0x7fcdda2618c0",1698444.875,1039011.5625,1769743,1368054,1616928089999220,1616928090612697,1616928093564375,1616928093647369,2951678
967,"void laplacian_kernel<double>(double*, double const*, int, int, int, double, double, double, double) [clone .kd]",2,0,2896,4124249,4124249,134217728,256,0,0,20,20,32,64,"0x0","0x7fcdda2618c0",1699182.125,1039004.25,1768682,1369073,1616928093671153,1616928094292015,1616928097242253,1616928097324992,2950238
968,"void laplacian_kernel<double>(double*, double const*, int, int, int, double, double, double, double) [clone .kd]",2,0,2899,4124249,4124249,134217728,256,0,0,20,20,32,64,"0x0","0x7fcdda2618c0",1697671.6875,1039014.9375,1766894,1370884,1616928097346843,1616928097969012,1616928100917810,1616928101001554,2948798
969,"void laplacian_kernel<double>(double*, double const*, int, int, int, double, double, double, double) [clone .kd]",2,0,2902,4124249,4124249,134217728,256,0,0,20,20,32,64,"0x0","0x7fcdda2618c0",1699363.625,1039018.4375,1766301,1371517,1616928101021932,1616928101666250,1616928104623208,1616928104624846,2956958
970,"void laplacian_kernel<double>(double*, double const*, int, int, int, double, double, double, double) [clone .kd]",2,0,2905,4124249,4124249,134217728,256,0,0,20,20,32,64,"0x0","0x7fcdda2618c0",1700046,1039031.125,1767586,1370227,1616928104926598,1616928105343207,1616928108292165,1616928108374414,2948958
971,"void laplacian_kernel<double>(double*, double const*, int, int, int, double, double, double, double) [clone .kd]",2,0,2908,4124249,4124249,134217728,256,0,0,20,20,32,64,"0x0","0x7fcdda2618c0",1707950.0625,1039036,1766208,1371596,1616928108397036,1616928109028845,1616928111977963,1616928112059001,2949118
972,"void laplacian_kernel<double>(double*, double const*, int, int, int, double, double, double, double) [clone .kd]",2,0,2911,4124249,4124249,134217728,256,0,0,20,20,32,64,"0x0","0x7fcdda2618c0",1697752.0625,1039027.1875,1766830,1370937,1616928112081042,1616928112693722,1616928115655640,1616928115736303,2961918
973,"void laplacian_kernel<double>(double*, double const*, int, int, int, double, double, double, double) [clone .kd]",2,0,2914,4124249,4124249,134217728,256,0,0,20,20,32,64,"0x0","0x7fcdda2618c0",1701159.75,1039051.1875,1765834,1371959,1616928115760258,1616928116373720,1616928119322198,1616928119404730,2948478
974,"void laplacian_kernel<double>(double*, double const*, int, int, int, double, double, double, double) [clone .kd]",2,0,2917,4124249,4124249,134217728,256,0,0,20,20,32,64,"0x0","0x7fcdda2618c0",1699239.4375,1039021.1875,1768424,1369423,1616928119424808,1616928120034876,1616928122988634,1616928122997696,2953758
975,"void laplacian_kernel<double>(double*, double const*, int, int, int, double, double, double, double) [clone .kd]",2,0,2920,4124249,4124249,134217728,256,0,0,20,20,32,64,"0x0","0x7fcdda2618c0",1701335.6875,1039051.0625,1767053,1370758,1616928123292495,1616928123712312,1616928126660950,1616928126663537,2948638
976,"void laplacian_kernel<double>(double*, double const*, int, int, int, double, double, double, double) [clone .kd]",2,0,2923,4124249,4124249,134217728,256,0,0,20,20,32,64,"0x0","0x7fcdda2618c0",1699558.625,1039029.375,1767387,1370365,1616928126952456,1616928127374549,1616928130326067,1616928130410570,2951518
977,"void laplacian_kernel<double>(double*, double const*, int, int, int, double, double, double, double) [clone .kd]",2,0,2926,4124249,4124249,134217728,256,0,0,20,20,32,64,"0x0","0x7fcdda2618c0",1698335.25,1039009.4375,1768603,1369179,1616928130433814,1616928131042146,1616928134001504,1616928134085449,2959358
978,"void laplacian_kernel<double>(double*, double const*, int, int, int, double, double, double, double) [clone .kd]",2,0,2929,4124249,4124249,134217728,256,0,0,20,20,32,64,"0x0","0x7fcdda2618c0",1698440.875,1039030.9375,1767704,1370063,1616928134108572,1616928134729223,1616928137684581,1616928137687141,2955358
979,"void laplacian_kernel<double>(double*, double const*, int, int, int, double, double, double, double) [clone .kd]",2,0,2932,4124249,4124249,134217728,256,0,0,20,20,32,64,"0x0","0x7fcdda2618c0",1697787.875,1039020.5,1765703,1372104,1616928137973775,1616928138392100,1616928141335938,1616928141338335,2943838
980,"void laplacian_kernel<double>(double*, double const*, int, int, int, double, double, double, double) [clone .kd]",2,0,2935,4124249,4124249,134217728,256,0,0,20,20,32,64,"0x0","0x7fcdda2618c0",1698522.8125,1038993.3125,1767758,1369966,1616928141628546,1616928142043777,1616928144994335,1616928145078405,2950558
981,"void laplacian_kernel<double>(double*, double const*, int, int, int, double, double, double, double) [clone .kd]",2,0,2938,4124249,4124249,134217728,256,0,0,20,20,32,64,"0x0","0x7fcdda2618c0",1701313.625,1038998.4375,1769473,1368338,1616928145100757,1616928145706254,1616928148666572,1616928148749016,2960318
982,"void laplacian_kernel<double>(double*, double const*, int, int, int, double, double, double, double) [clone .kd]",2,0,2941,4124249,4124249,134217728,256,0,0,20,20,32,64,"0x0","0x7fcdda2618c0",1699156.875,1039024.9375,1769914,1367825,1616928148772600,1616928149376251,1616928152330169,1616928152412954,2953918
983,"void laplacian_kernel<double>(double*, double const*, int, int, int, double, double, double, double) [clone .kd]",2,0,2944,4124249,4124249,134217728,256,0,0,20,20,32,64,"0x0","0x7fcdda2618c0",1700985.125,1039022.125,1766620,1371127,1616928152441427,1616928153093328,1616928156037006,1616928156119151,2943678
984,"void laplacian_kernel<double>(double*, double const*, int, int, int, double, double, double, double) [clone .kd]",2,0,2947,4124249,4124249,134217728,256,0,0,20,20,32,64,"0x0","0x7fcdda2618c0",1699686.9375,1039027.9375,1765027,1372777,1616928156140831,1616928156757246,1616928159708283,1616928159789221,2951037
985,"void laplacian_kernel<double>(double*, double const*, int, int, int, double, double, double, double) [clone .kd]",2,0,2950,4124249,4124249,134217728,256,0,0,20,20,32,64,"0x0","0x7fcdda2618c0",1699075,1039041.8125,1768998,1368807,1616928159811101,1616928160566762,1616928163504520,1616928163588491,2937758
986,"void laplacian_kernel<double>(double*, double const*, int, int, int, double, double, double, double) [clone .kd]",2,0,2953,4124249,4124249,134217728,256,0,0,20,20,32,64,"0x0","0x7fcdda2618c0",1696430.625,1039046.75,1768338,1369425,1616928163622324,1616928164271879,1616928167218597,1616928167300669,2946718
987,"void laplacian_kernel<double>(double*, double const*, int, int, int, double, double, double, double) [clone .kd]",2,0,2956,4124249,4124249,134217728,256,0,0,20,20,32,64,"0x0","0x7fcdda2618c0",1702902.4375,1038998.3125,1769389,1368459,1616928167324053,1616928167942637,1616928170884554,1616928170968965,2941917
988,"void laplacian_kernel<double>(double*, double const*, int, int, int, double, double, double, double) [clone .kd]",2,0,2959,4124249,4124249,134217728,256,0,0,20,20,32,64,"0x0","0x7fcdda2618c0",1700681.75,1039026.0625,1769465,1368324,1616928170997588,1616928171613234,1616928174567791,1616928174651137,2954557
989,"void laplacian_kernel<double>(double*, double const*, int, int, int, double, double, double, double) [clone .kd]",2,0,2962,4124249,4124249,134217728,256,0,0,20,20,32,64,"0x0","0x7fcdda2618c0",1699723.375,1039026,1769471,1368367,1616928174672688,1616928175280391,1616928178224868,1616928178307091,2944477
990,"void laplacian_kernel<double>(double*, double const*, int, int, int, double, double, double, double) [clone .kd]",2,0,2965,4124249,4124249,134217728,256,0,0,20,20,32,64,"0x0","0x7fcdda2618c0",1697589.0625,1039012.375,1767387,1370358,1616928178326988,1616928178948908,1616928181903625,1616928181985285,2954717
991,"void laplacian_kernel<double>(double*, double const*, int, int, int, double, double, double, double) [clone .kd]",2,0,2968,4124249,4124249,134217728,256,0,0,20,20,32,64,"0x0","0x7fcdda2618c0",1698082.125,1039031.4375,1764628,1373162,1616928182007917,1616928182607189,1616928185561267,1616928185657448,2954078
992,"void laplacian_kernel<double>(double*, double const*, int, int, int, double, double, double, double) [clone .kd]",2,0,2971,4124249,4124249,134217728,256,0,0,20,20,32,64,"0x0","0x7fcdda2618c0",1694365.6875,1039016.6875,1770427,1367361,1616928185680411,1616928186298025,1616928189243782,1616928189328059,2945757
993,"void laplacian_kernel<double>(double*, double const*, int, int, int, double, double, double, double) [clone .kd]",2,0,2974,4124249,4124249,134217728,256,0,0,20,20,32,64,"0x0","0x7fcdda2618c0",1702231.375,1039036.4375,1767981,1369826,1616928189356502,1616928189974262,1616928192917619,1616928193000022,2943357
994,"void laplacian_kernel<double>(double*, double const*, int, int, int, double, double, double, double) [clone .kd]",2,0,2977,4124249,4124249,134217728,256,0,0,20,20,32,64,"0x0","0x7fcdda2618c0",1696678.75,1039012.5,1766963,1370775,1616928193020500,1616928193651139,1616928196603616,1616928196687334,2952477
995,"void laplacian_kernel<double>(double*, double const*, int, int, int, double, double, double, double) [clone .kd]",2,0,2980,4124249,4124249,134217728,256,0,0,20,20,32,64,"0x0","0x7fcdda2618c0",1701473.75,1039027.8125,1766243,1371498,1616928196706289,1616928197335855,1616928200283693,1616928200364757,2947838
996,"void laplacian_kernel<double>(double*, double const*, int, int, int, double, double, double, double) [clone .kd]",2,0,2983,4124249,4124249,134217728,256,0,0,20,20,32,64,"0x0","0x7fcdda2618c0",1696786.25,1039009.1875,1768682,1369040,1616928200387219,1616928201001492,1616928203955890,1616928204037612,2954398
997,"void laplacian_kernel<double>(double*, double const*, int, int, int, double, double, double, double) [clone .kd]",2,0,2986,4124249,4124249,134217728,256,0,0,20,20,32,64,"0x0","0x7fcdda2618c0",1697350,1039035.75,1768493,1369263,1616928204059913,1616928204680329,1616928207634887,1616928207714384,2954558
998,"void laplacian_kernel<double>(double*, double const*, int, int, int, double, double, double, double) [clone .kd]",2,0,2989,4124249,4124249,134217728,256,0,0,20,20,32,64,"0x0","0x7fcdda2618c0",1695679,1039021.375,1767952,1369830,1616928207744380,1616928208368646,1616928211321603,1616928211405272,2952957
999,"void laplacian_kernel<double>(double*, double const*, int, int, int, double, double, double, double) [clone .kd]",2,0,2992,4124249,4124249,134217728,256,0,0,20,20,32,64,"0x0","0x7fcdda2618c0",1703473.6875,1039032.0625,1766264,1371471,1616928211426181,1616928212054203,1616928214993080,1616928215076885,2938877
1000,"void laplacian_kernel<double>(double*, double const*, int, int, int, double, double, double, double) [clone .kd]",2,0,2995,4124249,4124249,134217728,256,0,0,20,20,32,64,"0x0","0x7fcdda2618c0",1697498.6875,1039014.75,1769055,1368713,1616928215098014,1616928215722480,1616928218670157,1616928218754178,2947677
1001,"void laplacian_kernel<double>(double*, double const*, int, int, int, double, double, double, double) [clone .kd]",2,0,2998,4124249,4124249,134217728,256,0,0,20,20,32,64,"0x0","0x7fcdda2618c0",1694819.9375,1038993.8125,1767651,1370058,1616928218776399,1616928219380957,1616928222319674,1616928222402878,2938717
1002,"void laplacian_kernel<double>(double*, double const*, int, int, int, double, double, double, double) [clone .kd]",2,0,3001,4124249,4124249,134217728,256,0,0,20,20,32,64,"0x0","0x7fcdda2618c0",1696696.5625,1039003.25,1765873,1371947,1616928222425790,1616928223058513,1616928226005391,1616928226088656,2946878
1003,"void laplacian_kernel<double>(double*, double const*, int, int, int, double, double, double, double) [clone .kd]",2,0,3004,4124249,4124249,134217728,256,0,0,20,20,32,64,"0x0","0x7fcdda2618c0",1700155.4375,1039041.5,1766433,1371284,1616928226117180,1616928226742630,1616928229701028,1616928229785025,2958398
